"index","State","Individuals Affected","Breach Submission Date","Type of Breach","Location of Breached Information","Business Associate Present"
0,"TX",1000,"10/21/09","Theft","Paper/Films","No"
1,"MO",1000,"10/28/09","Theft","Network Server","No"
2,"AK",501,"10/30/09","Theft","Other, Other Portable Electronic Device","No"
3,"DC",3800,"11/17/09","Loss","Laptop","No"
4,"CA",5166,"11/20/09","Theft","Desktop Computer","No"
5,"CA",5257,"11/20/09","Theft","Desktop Computer","No"
6,"CA",857,"11/20/09","Theft","Desktop Computer","No"
7,"CA",6145,"11/20/09","Theft","Desktop Computer","No"
8,"CA",952,"11/20/09","Theft","Desktop Computer","No"
9,"CA",5900,"11/23/09","Theft","Laptop","No"
10,"PA",943,"11/24/09","Theft","Laptop","No"
11,"TN",6400,"11/25/09","Theft","Laptop","Yes"
12,"VA",83000,"12/8/09","Other","Paper/Films","Yes"
13,"CA",596,"12/10/09","Theft","Other","No"
14,"NC",2000,"12/11/09","Theft","Desktop Computer, Electronic Medical Record, Network Server","Yes"
15,"MI",646,"12/15/09","Theft","Desktop Computer, Laptop","No"
16,"MI",10000,"12/15/09","Theft","Other Portable Electronic Device","No"
17,"CA",610,"12/15/09","Other","Email","No"
18,"MA",1860,"1/7/10","Theft","Electronic Medical Record, Other, Other Portable Electronic Device","Yes"
19,"DC",3400,"1/8/10","Theft","Paper/Films","Yes"
20,"MA",1076,"1/8/10","Theft","Other","No"
21,"MD",15000,"1/11/10","Theft","Paper/Films","Yes"
22,"CA",15500,"1/12/10","Theft","Other, Other Portable Electronic Device","No"
23,"ID",2562,"1/14/10","Theft","Other","Yes"
24,"MI",10000,"1/15/10","Theft","Other","No"
25,"TX",3800,"1/18/10","Loss","Other, Other Portable Electronic Device","No"
26,"MO",9309,"1/19/10","Theft","Desktop Computer","No"
27,"TX",900,"1/19/10","Theft","Laptop","No"
28,"IL",812,"1/22/10","Theft","Laptop","No"
29,"TX",689,"1/25/10","Theft","Other","No"
30,"CA",7300,"1/27/10","Theft","Laptop","No"
31,"IL",1300,"1/28/10","Theft","Other, Paper/Films","No"
32,"UT",5700,"2/5/10","Theft","Other","Yes"
33,"AZ",1100,"2/10/10","Theft","Laptop","No"
34,"RI",528,"2/16/10","Other","Paper/Films","Yes"
35,"PR",605,"2/17/10","Theft","Paper/Films","Yes"
36,"PR",1907,"2/17/10","Theft","Paper/Films","Yes"
37,"FL",8000,"2/18/10","Theft","Desktop Computer","No"
38,"TN",3900,"2/19/10","Theft","Paper/Films","No"
39,"CA",532,"2/21/10","Other","Desktop Computer","No"
40,"NM",1900,"2/23/10","Other","Desktop Computer","No"
41,"CA",3500,"2/23/10","Theft","Network Server","No"
42,"NY",500,"2/25/10","Theft","Paper/Films","No"
43,"FL",12580,"3/1/10","Theft","Laptop","No"
45,"WI",9500,"3/3/10","Theft","Laptop","No"
46,"NC",554,"3/3/10","Theft","Paper/Films","No"
47,"NY",625,"3/9/10","Theft","Laptop","No"
48,"TX",21000,"3/10/10","Theft","Other, Other Portable Electronic Device","No"
49,"FL",3800,"3/17/10","Other","Paper/Films","No"
50,"WA",5080,"3/18/10","Theft","Laptop","No"
51,"FL",2600,"3/23/10","Theft","Laptop","No"
52,"CT",957,"3/26/10","Hacking/IT Incident","Network Server","No"
53,"AL",2465,"3/27/10","Theft","Laptop","No"
55,"AZ",2773,"4/1/10","Theft","Other Portable Electronic Device","No"
56,"PA",8000,"4/2/10","Loss, Theft","Paper/Films","No"
57,"IL",6800,"4/5/10","Loss","Paper/Films","No"
58,"MI",83945,"4/5/10","Other","Other","No"
59,"TX",955,"4/9/10","Theft","Laptop","No"
60,"GA",660,"4/9/10","Other","Paper/Films","Yes"
61,"NY",344579,"4/14/10","Theft","Other","No"
62,"WI",600,"4/16/10","Other","Other","No"
63,"CT",54165,"4/19/10","Theft","Laptop","No"
64,"MA",3594,"4/20/10","Theft","Laptop","No"
65,"RI",12000,"4/21/10","Theft","Paper/Films","No"
66,"SC",2850,"4/22/10","Improper Disposal","Paper/Films","No"
67,"CA",22012,"4/23/10","Theft","Desktop Computer","No"
68,"CA",5450,"4/24/10","Theft","Laptop","No"
69,"KY",5148,"4/26/10","Theft","Other, Other Portable Electronic Device","No"
70,"MN",735,"4/27/10","Theft","Other, Paper/Films","No"
71,"VA",1874,"4/27/10","Theft","Other","Yes"
72,"TX",1430,"4/28/10","Improper Disposal, Loss","Paper/Films","No"
73,"VA",500,"4/29/10","Theft","Desktop Computer, Laptop","No"
74,"IL",180111,"4/29/10","Theft","Other, Other Portable Electronic Device","Yes"
75,"FL",568,"5/5/10","Theft","Paper/Films","No"
76,"CO",649,"5/5/10","Theft","Paper/Films","No"
77,"TX",4200,"5/11/10","Theft","Laptop","No"
78,"DC",2416,"5/13/10","Other, Theft","Email, Other Portable Electronic Device","No"
79,"CA",40000,"5/13/10","Theft","Network Server","No"
80,"TX",656,"5/14/10","Theft","Laptop","Yes"
81,"SC",653,"5/20/10","Theft","Laptop","No"
82,"NY",2628,"5/20/10","Other","Paper/Films","No"
83,"NE",800,"5/21/10","Theft","Laptop","Yes"
84,"NC",5220,"5/24/10","Loss","Other","No"
85,"TX",4083,"5/25/10","Improper Disposal","Paper/Films","No"
86,"IL",1000,"5/26/10","Theft","Laptop","No"
87,"KS",1105,"6/1/10","Theft","Laptop","No"
88,"KY",708,"6/1/10","Hacking/IT Incident","Network Server","No"
89,"OH",60998,"6/1/10","Theft","Laptop","No"
90,"FL",1220000,"6/3/10","Theft","Laptop","No"
91,"MI",2300,"6/4/10","Theft","Laptop","No"
92,"PA",130495,"6/4/10","Theft","Other","Yes"
93,"MN",16291,"6/4/10","Other","Paper/Films","No"
94,"TN",1745,"6/8/10","Loss","Laptop","No"
95,"MA",10515,"6/9/10","Theft","Laptop","Yes"
96,"NY",1020,"6/14/10","Theft","Desktop Computer, Email, Laptop, Network Server","No"
97,"OH",1001,"6/14/10","Other","Email","No"
98,"KY",2027,"6/18/10","Theft","Laptop","No"
99,"TX",600,"6/21/10","Theft","Network Server","No"
100,"GA",14000,"6/21/10","Loss","Other","Yes"
101,"NV",7526,"6/22/10","Theft","Network Server","No"
102,"PA",937,"6/24/10","Other","Email","Yes"
103,"AZ",5893,"6/28/10","Theft","Laptop","No"
104,"CA",1000,"6/29/10","Other","Paper/Films","No"
105,"TN",1537,"7/2/10","Theft","Desktop Computer, Paper/Films","No"
106,"CA",29000,"7/6/10","Loss, Other","Other, Other Portable Electronic Device","Yes"
107,"NY",2563,"7/7/10","Theft","Other Portable Electronic Device","No"
108,"NY",800,"7/7/10","Theft","Other, Other Portable Electronic Device","No"
109,"NM",3830,"7/8/10","Theft","Laptop","No"
110,"FL",2047,"7/8/10","Other","Paper/Films","No"
111,"CO",105470,"7/9/10","Theft","Desktop Computer","Yes"
112,"VA",669,"7/15/10","Theft","Other Portable Electronic Device","No"
113,"MN",1097,"7/17/10","Other","Paper/Films","Yes"
114,"PA",8e+05,"7/19/10","Loss","Electronic Medical Record, Other, Other Portable Electronic Device","Yes"
115,"NY",23753,"7/23/10","Theft","Desktop Computer","No"
116,"OH",1200,"7/23/10","Improper Disposal","Paper/Films","Yes"
117,"TX",27000,"7/23/10","Hacking/IT Incident","Network Server","No"
118,"DC",540,"7/23/10","Theft","Laptop","No"
119,"NY",16820,"7/23/10","Theft","Desktop Computer","No"
121,"TX",6873,"7/28/10","Theft","Desktop Computer","No"
122,"TX",1646,"7/30/10","Theft","Laptop","No"
124,"NY",2631,"7/30/10","Theft","Paper/Films","Yes"
125,"NC",1590,"7/30/10","Theft","Paper/Films","No"
126,"IN",31700,"7/30/10","Hacking/IT Incident","Network Server","No"
127,"TX",694,"7/30/10","Theft","Laptop","No"
128,"OH",1309,"8/3/10","Other","Laptop","No"
129,"PA",560,"8/3/10","Other","Other","No"
130,"KY",2089,"8/5/10","Theft","Laptop","No"
131,"GA",11440,"8/5/10","Other","Other, Other Portable Electronic Device","Yes"
132,"IL",657,"8/5/10","Loss, Theft","Paper/Films","No"
133,"TX",25000,"8/5/10","Theft","Network Server","No"
134,"OH",13867,"8/5/10","Theft","Laptop","No"
135,"MO",1907,"8/9/10","Improper Disposal","Paper/Films","No"
136,"PA",21000,"8/9/10","Theft","Laptop","No"
137,"ID",5500,"8/10/10","Loss","Other","Yes"
138,"WA",2698,"8/11/10","Theft","Desktop Computer","No"
139,"CA",10100,"8/11/10","Theft","Desktop Computer","No"
140,"TN",1711,"8/16/10","Loss","Other, Other Portable Electronic Device","No"
141,"CT",1000,"8/18/10","Theft","Laptop","No"
142,"OR",4328,"8/20/10","Theft","Desktop Computer, Laptop, Other, Other Portable Electronic Device","No"
143,"IL",7081,"8/20/10","Theft","Laptop","No"
144,"MA",24750,"8/25/10","Theft","Paper/Films","Yes"
145,"NM",1000,"8/25/10","Theft","Other, Other Portable Electronic Device","No"
146,"NY",956,"8/26/10","Theft","Other, Other Portable Electronic Device","Yes"
147,"NY",3630,"8/26/10","Theft","Other Portable Electronic Device","Yes"
148,"NY",1200,"8/27/10","Loss","Other, Other Portable Electronic Device","No"
149,"PA",22642,"9/7/10","Other","Network Server","Yes"
150,"NY",857,"9/7/10","Loss","Other Portable Electronic Device","No"
151,"VA",2739,"9/8/10","Theft","Laptop","No"
152,"RI",1361,"9/10/10","Theft","Paper/Films","No"
153,"NV",507,"9/10/10","Theft","Paper/Films","No"
154,"IA",19222,"9/11/10","Loss","Other Portable Electronic Device","No"
155,"IN",2000,"9/15/10","Theft","Desktop Computer, Laptop","No"
156,"CA",33000,"9/17/10","Theft","Paper/Films","No"
157,"KS",1200,"9/19/10","Theft","Laptop, Paper/Films","No"
158,"SC",1270,"9/20/10","Other","Paper/Films","Yes"
159,"NY",9000,"9/21/10","Theft","Desktop Computer","No"
160,"AK",2000,"9/22/10","Theft","Other, Other Portable Electronic Device","Yes"
161,"IN",1199,"9/23/10","Theft","Laptop","No"
162,"CA",1474,"9/23/10","Theft","Other, Other Portable Electronic Device","Yes"
163,"CA",1474,"9/23/10","Theft","Other, Other Portable Electronic Device","Yes"
164,"NY",6800,"9/24/10","Theft","Network Server","No"
165,"IL",967,"9/24/10","Improper Disposal","Paper/Films","No"
166,"OK",19200,"9/27/10","Hacking/IT Incident","Desktop Computer","No"
167,"CA",928,"9/29/10","Theft","Desktop Computer","No"
168,"MA",11000,"10/1/10","Improper Disposal","Paper/Films","Yes"
169,"TX",4700,"10/5/10","Theft","Laptop, Network Server","No"
170,"KY",2200,"10/5/10","Theft","Paper/Films","No"
171,"NY",578,"10/5/10","Theft","Laptop","No"
172,"MD",692,"10/6/10","Other","Other","No"
173,"TX",585,"10/8/10","Theft","Laptop","No"
174,"UT",1298,"10/13/10","Other","Desktop Computer, Paper/Films","Yes"
175,"WA",9493,"10/15/10","Hacking/IT Incident","Network Server","No"
176,"AR",1000,"10/18/10","Theft","Other, Other Portable Electronic Device","No"
177,"CO",2500,"10/26/10","Theft","Other","No"
178,"TN",1023209,"11/1/10","Theft","Other","No"
179,"CA",716,"11/2/10","Loss","Paper/Films","No"
181,"CT",2345,"11/7/10","Unauthorized Access/Disclosure","Network Server","No"
182,"MS",1104,"11/8/10","Theft","Desktop Computer","No"
183,"PR",115000,"11/9/10","Unauthorized Access/Disclosure","Other, Other Portable Electronic Device","Yes"
184,"CT",12000,"11/11/10","Theft","Laptop","No"
185,"NE",1550,"11/12/10","Theft","Desktop Computer","No"
186,"IN",845,"11/12/10","Unauthorized Access/Disclosure","Paper/Films","No"
187,"NY",535,"11/12/10","Theft","Laptop","No"
188,"MI",3700,"11/15/10","Theft","Laptop","No"
189,"MO",1400,"11/15/10","Theft","Laptop","No"
190,"FL",1500,"11/16/10","Theft","Paper/Films","No"
191,"NY",1744,"11/24/10","Theft","Network Server","Yes"
192,"CA",771,"11/25/10","Unauthorized Access/Disclosure","Paper/Films","No"
193,"OK",1950,"11/29/10","Improper Disposal, Loss, Theft","Paper/Films","No"
194,"NY",542,"11/30/10","Theft","Desktop Computer","No"
195,"PA",613,"11/30/10","Theft","Desktop Computer","No"
196,"TN",8200,"11/30/10","Improper Disposal","Paper/Films","No"
197,"MI",9475,"12/3/10","Unauthorized Access/Disclosure","Paper/Films","Yes"
198,"TX",800,"12/7/10","Theft","Desktop Computer","No"
199,"MD",1000,"12/13/10","Hacking/IT Incident","Desktop Computer, Network Server","No"
201,"PA",1085,"12/15/10","Unauthorized Access/Disclosure","Network Server","Yes"
202,"IL",556,"12/17/10","Theft","Desktop Computer","No"
203,"WI",3288,"12/20/10","Theft","Laptop","No"
204,"OH",1000,"12/21/10","Improper Disposal","Paper/Films","No"
205,"CA",1250,"12/22/10","Theft","Other, Other Portable Electronic Device","No"
206,"IN",757,"12/27/10","Theft","Laptop","Yes"
207,"IN",585,"12/27/10","Unauthorized Access/Disclosure","Other","Yes"
208,"PA",2928,"12/28/10","Theft","Email","No"
209,"MN",3159,"12/28/10","Theft","Laptop","No"
210,"MD",800,"12/29/10","Theft","Paper/Films","Yes"
211,"KY",24600,"12/29/10","Loss, Theft","Other, Other Portable Electronic Device","No"
212,"PA",808,"12/30/10","Loss","Other, Other Portable Electronic Device","No"
213,"AL",2000,"12/30/10","Theft","Other, Other Portable Electronic Device","No"
214,"FL",156000,"1/3/11","Theft","Network Server","No"
215,"OH",501,"1/4/11","Theft","Desktop Computer, Laptop","No"
216,"NH",231400,"1/10/11","Hacking/IT Incident","Network Server","No"
217,"FL",2200,"1/11/11","Theft","Laptop","No"
218,"IN",1848,"1/12/11","Hacking/IT Incident","Email, Network Server","No"
219,"VA",11982,"1/12/11","Theft","Laptop","No"
220,"WA",1250,"1/13/11","Theft","Desktop Computer","No"
221,"SC",5596,"1/14/11","Theft","Desktop Computer","No"
222,"MI",656,"1/18/11","Theft","Desktop Computer, Laptop","No"
223,"TX",16200,"1/18/11","Loss","Other, Other Portable Electronic Device","Yes"
224,"MO",4800,"1/18/11","Theft","Other","Yes"
225,"WA",12009,"1/21/11","Theft","Other, Other Portable Electronic Device","No"
226,"TX",4486,"1/24/11","Theft","Laptop","No"
227,"TX",8241,"1/25/11","Theft","Other, Other Portable Electronic Device","No"
228,"TN",500,"1/28/11","Theft","Desktop Computer","No"
229,"KY",18871,"2/7/11","Hacking/IT Incident","Network Server","Yes"
230,"CO",546,"2/7/11","Theft","Paper/Films","No"
231,"MT",37000,"2/8/11","Theft","Laptop","No"
232,"WA",3100,"2/9/11","Theft","Paper/Films","No"
233,"MO",800,"2/10/11","Hacking/IT Incident","Desktop Computer","No"
234,"NJ",1700000,"2/11/11","Theft","Electronic Medical Record, Other","Yes"
235,"CA",2250,"2/11/11","Unauthorized Access/Disclosure","Other","No"
236,"TX",9922,"2/13/11","Loss, Theft","Other, Other Portable Electronic Device","No"
237,"FL",2700,"2/15/11","Theft","Other, Other Portable Electronic Device","Yes"
238,"WV",3655,"2/16/11","Unauthorized Access/Disclosure","Network Server","Yes"
239,"AZ",2291,"2/21/11","Loss","Other, Other Portable Electronic Device","No"
241,"MI",2777,"2/23/11","Loss","Other, Other Portable Electronic Device","No"
242,"AZ",4500,"3/1/11","Unauthorized Access/Disclosure","Paper/Films","Yes"
243,"FL",7366,"3/3/11","Unknown","Other","No"
244,"MA",942,"3/7/11","Unauthorized Access/Disclosure","Desktop Computer","No"
245,"KY",8845,"3/10/11","Theft","Laptop","No"
246,"OK",600,"3/16/11","Theft","Desktop Computer, Other, Other Portable Electronic Device","No"
247,"MD",765,"3/18/11","Unauthorized Access/Disclosure","Paper/Films","Yes"
248,"TX",654,"3/23/11","Unknown","Electronic Medical Record","No"
249,"AL",20744,"3/28/11","Theft","Desktop Computer, Network Server, Other, Other Portable Electronic Device","No"
250,"NY",670,"3/28/11","Theft","Desktop Computer","No"
251,"CA",514330,"3/30/11","Theft","Desktop Computer","No"
252,"WV",1470,"3/30/11","Unauthorized Access/Disclosure","Paper/Films","No"
253,"CA",667,"3/30/11","Theft","Laptop","No"
254,"AK",1700,"3/31/11","Theft","Laptop","Yes"
255,"AZ",635,"3/31/11","Theft","Other, Other Portable Electronic Device","No"
256,"AZ",10000,"4/4/11","Theft","Other, Other Portable Electronic Device","No"
257,"CT",93500,"4/5/11","Theft","Other","Yes"
258,"OK",84000,"4/6/11","Theft","Network Server","No"
259,"MO",935,"4/8/11","Unauthorized Access/Disclosure","Other","No"
260,"OK",132940,"4/11/11","Theft","Laptop, Paper/Films","No"
261,"SC",2717,"4/12/11","Improper Disposal","Paper/Films","No"
262,"MN",1215,"4/14/11","Loss","Paper/Films","No"
263,"NY",1900000,"4/14/11","Unknown","Other","Yes"
264,"AZ",566,"4/14/11","Theft","Paper/Films","No"
265,"IL",675,"4/19/11","Unauthorized Access/Disclosure","Other","Yes"
266,"WY",15000,"4/20/11","Theft","Desktop Computer","No"
267,"NC",6000,"4/21/11","Hacking/IT Incident","Network Server","No"
268,"IL",1070,"4/25/11","Hacking/IT Incident","Desktop Computer, Email, Laptop, Network Server","No"
269,"IL",845,"4/25/11","Hacking/IT Incident","Desktop Computer, Email, Laptop, Network Server","No"
270,"IL",686,"4/25/11","Hacking/IT Incident","Desktop Computer, Email, Laptop, Network Server","No"
271,"AZ",9393,"4/25/11","Hacking/IT Incident","Desktop Computer, Email, Laptop, Network Server","No"
272,"IL",532,"4/25/11","Hacking/IT Incident","Desktop Computer, Email, Laptop, Network Server","No"
273,"OH",500,"4/28/11","Improper Disposal","Other","No"
274,"NH",5960,"5/2/11","Theft","Laptop","No"
275,"TX",1500,"5/5/11","Theft","Laptop","No"
276,"MA",563,"5/6/11","Theft","Laptop","No"
277,"PR",24361,"5/9/11","Theft","Desktop Computer","No"
278,"MO",850,"5/9/11","Unauthorized Access/Disclosure","Other","No"
279,"PA",1388,"5/9/11","Theft","Paper/Films","No"
281,"FL",8000,"5/11/11","Theft","Other, Paper/Films","No"
282,"AZ",654,"5/11/11","Theft, Unauthorized Access/Disclosure","Paper/Films","No"
283,"CA",620,"5/17/11","Theft","Laptop","No"
284,"NY",550,"5/19/11","Theft","Paper/Films","Yes"
285,"TX",1031,"5/19/11","Improper Disposal","Other","No"
286,"AL",13412,"5/25/11","Unauthorized Access/Disclosure","Paper/Films","Yes"
287,"MI",11387,"5/26/11","Hacking/IT Incident, Unauthorized Access/Disclosure","Network Server","Yes"
288,"PR",6006,"5/26/11","Theft","Paper/Films","No"
289,"SC",4e+05,"5/27/11","Theft","Desktop Computer","No"
290,"KY",1986,"6/2/11","Loss, Theft","Other, Other Portable Electronic Device","No"
291,"WA",2700,"6/8/11","Unknown","Paper/Films","No"
292,"OR",17000,"6/8/11","Theft","Other, Other Portable Electronic Device","Yes"
293,"NC",1263,"6/9/11","Unknown","Email","No"
294,"SC",1280,"6/9/11","Theft","Other, Other Portable Electronic Device","No"
295,"AZ",2000,"6/9/11","Improper Disposal, Loss","Paper/Films","No"
296,"CA",1192,"6/10/11","Loss","Paper/Films","Yes"
297,"CA",15677,"6/16/11","Theft","Desktop Computer","No"
298,"WV",950,"6/16/11","Unauthorized Access/Disclosure","Paper/Films","No"
299,"WA",1105,"6/17/11","Theft","Other, Other Portable Electronic Device","No"
300,"FL",3463,"6/17/11","Unauthorized Access/Disclosure","Other","No"
301,"TN",705,"6/22/11","Theft","Laptop","No"
302,"TN",810,"6/22/11","Theft","Laptop","No"
303,"MO",1288,"6/23/11","Unknown","Paper/Films","No"
304,"OH",78042,"6/27/11","Theft","Laptop","Yes"
305,"LA",2000,"6/28/11","Theft","Desktop Computer, Electronic Medical Record, Email, Laptop, Network Server, Other, Other Portable Electronic Device","No"
306,"CA",694,"6/29/11","Unauthorized Access/Disclosure","Paper/Films","No"
307,"CO",3589,"6/29/11","Theft","Other","Yes"
308,"CA",10190,"7/4/11","Theft","Desktop Computer, Network Server","No"
309,"FL",1562,"7/8/11","Unauthorized Access/Disclosure","Electronic Medical Record, Other","No"
310,"NY",712,"7/8/11","Theft","Laptop","No"
311,"MI",5000,"7/11/11","Hacking/IT Incident","Network Server","Yes"
312,"PR",2800,"7/13/11","Theft","Desktop Computer","No"
313,"GA",7500,"7/15/11","Theft","Paper/Films","No"
315,"MA",2021,"7/19/11","Hacking/IT Incident","Network Server","No"
316,"IL",25330,"7/21/11","Unauthorized Access/Disclosure","Network Server","Yes"
317,"TN",1378,"7/22/11","Unauthorized Access/Disclosure","Paper/Films","Yes"
318,"VA",700,"7/22/11","Improper Disposal","Paper/Films","No"
319,"TX",4573,"7/22/11","Unauthorized Access/Disclosure","Paper/Films","Yes"
320,"TX",1870,"7/28/11","Theft","Laptop","No"
321,"IL",501,"7/28/11","Theft","Paper/Films","No"
322,"KY",3604,"7/28/11","Theft","Laptop","No"
323,"OR",1200,"7/29/11","Theft","Desktop Computer","No"
324,"CA",1500,"7/29/11","Unauthorized Access/Disclosure","Paper/Films","No"
325,"MA",638,"8/3/11","Theft","Other Portable Electronic Device","No"
326,"IN",506,"8/8/11","Hacking/IT Incident","Network Server","Yes"
327,"NJ",8795,"8/8/11","Theft","Other, Other Portable Electronic Device","Yes"
328,"WA",3950,"8/9/11","Unauthorized Access/Disclosure","Paper/Films","No"
329,"GA",63425,"8/15/11","Theft","Other, Other Portable Electronic Device","No"
330,"PR",5848,"8/15/11","Theft","Other","Yes"
331,"TX",10345,"8/17/11","Theft","Laptop","Yes"
332,"IL",815,"8/18/11","Unauthorized Access/Disclosure","Laptop","No"
333,"NJ",32008,"8/18/11","Theft","Other, Other Portable Electronic Device","Yes"
334,"KY",1432,"8/25/11","Theft","Laptop, Other Portable Electronic Device, Paper/Films","No"
335,"NJ",3000,"8/28/11","Theft, Unauthorized Access/Disclosure","Desktop Computer, Electronic Medical Record, Email, Laptop, Network Server, Other, Other Portable Electronic Device, Paper/Films","Yes"
336,"IL",2000,"8/29/11","Theft","Desktop Computer, Network Server","No"
337,"CA",19651,"8/29/11","Unauthorized Access/Disclosure","Other","Yes"
338,"CA",1800,"9/7/11","Theft","Paper/Films","No"
339,"IN",2059,"9/8/11","Theft","Other, Other Portable Electronic Device","No"
340,"TX",1696,"9/9/11","Theft","Laptop","No"
341,"WI",3000,"9/13/11","Hacking/IT Incident","Desktop Computer","Yes"
342,"PR",2000,"9/13/11","Theft","Paper/Films","No"
343,"TX",2541,"9/14/11","Theft","Paper/Films","No"
344,"GA",863,"9/15/11","Theft","Laptop","No"
345,"TX",1300,"9/20/11","Hacking/IT Incident, Unauthorized Access/Disclosure","Network Server","No"
346,"MS",1797,"9/20/11","Theft","Paper/Films","No"
347,"WA",2367,"9/21/11","Theft","Desktop Computer, Laptop","No"
348,"VA",4000,"9/22/11","Loss","Other, Other Portable Electronic Device","Yes"
349,"PA",507,"9/23/11","Theft, Unauthorized Access/Disclosure","Laptop, Paper/Films","Yes"
350,"IL",518,"9/23/11","Loss","Paper/Films","No"
351,"TX",1259,"9/23/11","Theft","Laptop","No"
352,"NY",2600,"9/26/11","Theft","Paper/Films","No"
353,"MN",14623,"9/27/11","Theft","Laptop","No"
354,"TN",731,"9/28/11","Theft","Paper/Films","No"
355,"PA",579,"9/28/11","Theft, Unauthorized Access/Disclosure","Paper/Films","Yes"
357,"MI",520,"10/3/11","Theft","Desktop Computer","No"
358,"CT",1631,"10/3/11","Loss","Other, Other Portable Electronic Device","Yes"
359,"IN",3266,"10/4/11","Theft","Laptop","No"
360,"CA",700,"10/7/11","Theft, Unauthorized Access/Disclosure","Paper/Films","Yes"
361,"MA",2200,"10/7/11","Theft","Other, Other Portable Electronic Device","No"
362,"FL",1055489,"10/7/11","Loss","Other","No"
363,"MN",2600,"10/11/11","Theft","Electronic Medical Record, Laptop","No"
364,"CT",3994,"10/11/11","Theft","Other","Yes"
365,"FL",12784,"10/13/11","Unauthorized Access/Disclosure","Electronic Medical Record","No"
366,"PA",3150,"10/14/11","Theft","Other","No"
367,"PA",500,"10/17/11","Theft","Other","No"
368,"MA",14750,"10/20/11","Theft","Desktop Computer","No"
369,"AR",1472,"10/21/11","Loss","Other","No"
370,"MO",7059,"10/22/11","Theft","Other","Yes"
371,"TX",6672,"10/24/11","Loss, Theft","Desktop Computer","Yes"
372,"IN",757,"10/25/11","Theft","Network Server","No"
373,"FL",2200,"10/25/11","Theft","Paper/Films","No"
374,"NY",927,"10/27/11","Theft","Laptop","No"
375,"CT",1089,"10/28/11","Theft","Desktop Computer","Yes"
376,"MI",1100,"10/28/11","Theft","Paper/Films","Yes"
377,"NC",551,"10/28/11","Unknown","Paper/Films","No"
378,"FL",2900,"10/31/11","Theft","Network Server","No"
379,"TX",567,"10/31/11","Theft","Other, Other Portable Electronic Device","No"
380,"PA",55000,"11/2/11","Improper Disposal","Network Server","No"
381,"MD",5000,"11/3/11","Theft","Other, Paper/Films","No"
382,"CA",2761,"11/4/11","Theft","Other, Other Portable Electronic Device","No"
383,"VA",4900000,"11/4/11","Loss","Other","Yes"
384,"WV",12563,"11/8/11","Loss, Theft","Laptop","No"
385,"NM",1537,"11/13/11","Theft","Paper/Films","No"
386,"KS",8275,"11/14/11","Theft","Other","Yes"
387,"AL",943434,"11/17/11","Theft","Desktop Computer","No"
388,"ND",650,"11/17/11","Theft","Laptop","No"
389,"TX",2464,"11/17/11","Unauthorized Access/Disclosure","Electronic Medical Record, Paper/Films","No"
390,"KY",878,"11/23/11","Loss","Other Portable Electronic Device","No"
391,"TN",1770,"11/28/11","Unauthorized Access/Disclosure","Paper/Films","No"
392,"FL",772,"12/1/11","Loss","Other","No"
393,"IN",10705,"12/5/11","Theft","Other","No"
394,"PA",2900,"12/7/11","Other","Paper/Films","No"
395,"NY",7226,"12/9/11","Unauthorized Access/Disclosure","Network Server","Yes"
396,"IL",2000,"12/9/11","Improper Disposal","Paper/Films","Yes"
397,"NE",611,"12/9/11","Theft","Paper/Films","No"
398,"GA",17000,"12/13/11","Theft","Laptop","No"
399,"WA",4693,"12/15/11","Theft","Other","No"
400,"CA",11081,"12/17/11","Other","Paper/Films","No"
401,"TN",2185,"12/21/11","Theft","Laptop, Other Portable Electronic Device","No"
402,"WA",7581,"12/23/11","Theft","Laptop","No"
403,"TX",870,"12/28/11","Theft","Laptop","No"
404,"MA",2988,"12/28/11","Theft","Laptop","No"
405,"FL",1670,"1/6/12","Theft","Desktop Computer, Network Server","No"
406,"NC",50000,"1/10/12","Other, Unauthorized Access/Disclosure","Email, Network Server","Yes"
407,"PA",1300,"1/10/12","Theft","Laptop","No"
408,"MT",2700,"1/11/12","Unauthorized Access/Disclosure","Other","Yes"
409,"CA",1700,"1/13/12","Other","Paper/Films","Yes"
410,"NH",771,"1/16/12","Theft","Paper/Films","No"
411,"KS",7757,"1/19/12","Theft","Laptop","No"
412,"CA",11646,"1/19/12","Other","Paper/Films","No"
413,"OK",844,"1/20/12","Loss","Other","No"
414,"VA",1444,"1/23/12","Other, Unauthorized Access/Disclosure","Paper/Films","Yes"
415,"NY",549,"1/24/12","Theft","Laptop","No"
416,"IN",1423,"1/26/12","Theft, Unauthorized Access/Disclosure","Paper/Films","No"
417,"WA",3100,"1/27/12","Theft","Desktop Computer","No"
418,"CO",3200,"1/27/12","Hacking/IT Incident, Other","Email","No"
419,"FL",1219,"1/30/12","Theft","Other Portable Electronic Device","No"
420,"MN",6678,"2/1/12","Other","Paper/Films","No"
421,"NC",2000,"2/1/12","Theft","Laptop","No"
422,"IL",14000,"2/6/12","Theft","Laptop","Yes"
423,"CA",1366,"2/8/12","Other","Paper/Films","No"
424,"NJ",1700,"2/8/12","Other","Other","Yes"
425,"NJ",1287,"2/13/12","Theft","Paper/Films","No"
426,"WI",698,"2/14/12","Theft","Laptop","No"
427,"IN",660,"2/14/12","Hacking/IT Incident","Other","No"
429,"DC",1549,"2/15/12","Unauthorized Access/Disclosure","Paper/Films","No"
430,"CA",703,"2/15/12","Theft","Other","No"
431,"LA",2088,"2/20/12","Loss","Other Portable Electronic Device","No"
432,"OR",2300,"2/20/12","Theft, Unauthorized Access/Disclosure","Laptop","Yes"
433,"PA",728,"2/27/12","Theft","Laptop","No"
434,"NM",7000,"2/28/12","Theft","Laptop","Yes"
435,"MD",632,"2/28/12","Unauthorized Access/Disclosure","Other","Yes"
436,"PR",7706,"2/28/12","Theft","Laptop","Yes"
437,"MD",10480,"2/29/12","Theft","Network Server","No"
438,"TX",2559,"3/2/12","Theft","Other","Yes"
439,"AK",2743,"3/3/12","Unauthorized Access/Disclosure","Desktop Computer","No"
440,"KY",1182,"3/6/12","Other","Paper/Films","No"
441,"IN",20000,"3/9/12","Theft","Laptop","No"
442,"PR",10000,"3/12/12","Theft","Laptop, Other Portable Electronic Device","Yes"
443,"PR",4645,"3/12/12","Theft","Laptop","Yes"
444,"PR",27098,"3/12/12","Theft","Laptop","Yes"
445,"CA",1431,"3/12/12","Theft","Paper/Films","No"
446,"NY",577,"3/13/12","Theft","Laptop","No"
447,"PR",7923,"3/13/12","Theft","Laptop","Yes"
448,"CA",875,"3/14/12","Theft","Paper/Films","No"
449,"PR",7606,"3/15/12","Theft","Laptop, Other Portable Electronic Device","Yes"
450,"GA",513,"3/15/12","Theft","Laptop","No"
451,"TX",1972,"3/16/12","Theft","Other Portable Electronic Device","No"
452,"IL",750,"3/23/12","Unauthorized Access/Disclosure","Network Server","No"
453,"IL",3482,"3/23/12","Other","Paper/Films","Yes"
454,"NC",1370,"3/23/12","Unauthorized Access/Disclosure","Other","No"
455,"CA",712,"3/29/12","Theft","Paper/Films","No"
456,"NY",642,"4/3/12","Unauthorized Access/Disclosure","Email","No"
457,"TX",502,"4/4/12","Theft","Paper/Films","No"
458,"MI",1229,"4/6/12","Unauthorized Access/Disclosure","Email","No"
459,"MA",6831,"4/6/12","Loss","Paper/Films","No"
460,"AZ",9565,"4/9/12","Loss","Other Portable Electronic Device","No"
461,"CA",1000,"4/10/12","Unauthorized Access/Disclosure","Email","No"
462,"MI",555,"4/10/12","Unauthorized Access/Disclosure","Paper/Films","Yes"
463,"CA",2000,"4/10/12","Theft","Other","Yes"
464,"UT",780000,"4/11/12","Hacking/IT Incident","Network Server","Yes"
465,"IN",1000,"4/12/12","Improper Disposal","Paper/Films","No"
466,"NY",6745,"4/12/12","Theft","Desktop Computer, Network Server","No"
467,"FL",9497,"4/13/12","Other","Other","No"
468,"WA",2100,"4/13/12","Theft","Desktop Computer, Electronic Medical Record","No"
469,"TX",1000,"4/16/12","Improper Disposal","Paper/Films","No"
470,"GA",315000,"4/18/12","Other, Unknown","Other","No"
471,"CA",4400,"4/20/12","Theft","Desktop Computer","No"
472,"AR",7121,"4/20/12","Unauthorized Access/Disclosure","Other","No"
473,"FL",750,"4/23/12","Theft","Paper/Films","No"
474,"SC",228435,"4/24/12","Unauthorized Access/Disclosure","Email","No"
475,"OR",550,"4/26/12","Theft","Paper/Films","No"
476,"CA",961,"4/26/12","Theft","Network Server","No"
477,"AZ",42000,"5/1/12","Hacking/IT Incident, Unauthorized Access/Disclosure","Network Server","No"
478,"TX",750,"5/3/12","Theft","Paper/Films","No"
479,"MI",3000,"5/3/12","Hacking/IT Incident","Network Server","No"
480,"WA",1597,"5/4/12","Theft","Network Server","No"
481,"TX",7000,"5/8/12","Hacking/IT Incident, Unauthorized Access/Disclosure","Network Server","No"
482,"WV",2905,"5/10/12","Theft","Paper/Films","No"
483,"IA",3000,"5/11/12","Improper Disposal","Paper/Films","No"
484,"MO",1134,"5/11/12","Unauthorized Access/Disclosure","Email","No"
485,"MN",4000,"5/14/12","Theft","Laptop","No"
486,"CA",3900,"5/14/12","Loss","Other Portable Electronic Device","No"
487,"LA",17000,"5/18/12","Loss, Theft","Laptop","No"
488,"MN",19100,"5/18/12","Unauthorized Access/Disclosure","Other","No"
489,"CA",1900,"5/18/12","Theft","Other","No"
490,"NC",591,"5/18/12","Unauthorized Access/Disclosure","Other","No"
491,"FL",1137,"5/19/12","Loss, Theft","Laptop","No"
492,"NE",3000,"5/21/12","Theft","Laptop","No"
493,"MA",2159,"5/22/12","Theft","Laptop","No"
494,"OH",15000,"5/22/12","Unauthorized Access/Disclosure","Other","Yes"
495,"CA",745,"5/23/12","Theft","Paper/Films","No"
496,"GA",12937,"5/24/12","Theft","Electronic Medical Record, Paper/Films","No"
497,"CT",925,"5/25/12","Theft","Desktop Computer","No"
498,"TX",500,"5/26/12","Theft","Other","No"
499,"WA",756,"5/29/12","Theft","Desktop Computer, Other Portable Electronic Device","No"
500,"TN",1102,"5/31/12","Loss","Paper/Films","No"
501,"GA",824,"6/4/12","Loss","Other Portable Electronic Device","No"
502,"MD",1444,"6/4/12","Theft","Laptop","Yes"
503,"FL",2557,"6/4/12","Theft","Other Portable Electronic Device","No"
504,"OR",11136,"6/6/12","Theft","Desktop Computer","No"
505,"NY",568,"6/8/12","Theft","Email, Other","No"
506,"FL",1409,"6/14/12","Theft","Paper/Films","No"
507,"KY",4490,"6/19/12","Theft","Laptop","No"
508,"KY",824,"6/22/12","Theft","Laptop","No"
509,"MT",708,"6/22/12","Theft","Laptop, Other Portable Electronic Device","No"
510,"NC",9953,"6/25/12","Unauthorized Access/Disclosure","Desktop Computer","No"
511,"TX",585,"7/3/12","Theft","Laptop","No"
512,"IL",1500,"7/12/12","Theft","Paper/Films","No"
513,"MN",2533,"7/13/12","Loss, Unauthorized Access/Disclosure, Unknown","Other Portable Electronic Device","Yes"
514,"IA",1298,"7/16/12","Theft","Paper/Films","No"
515,"OR",4354,"7/16/12","Hacking/IT Incident, Other, Unauthorized Access/Disclosure","Network Server","No"
516,"NC",2917,"7/17/12","Loss","Other Portable Electronic Device","No"
517,"MA",3900,"7/20/12","Theft","Laptop","No"
518,"NY",8488,"7/23/12","Theft","Desktop Computer","No"
519,"IL",7067,"7/25/12","Other","Network Server","No"
520,"IN",1504,"7/25/12","Theft","Other","No"
521,"AZ",4800,"7/27/12","Theft","Network Server","No"
522,"IL",4211,"7/27/12","Theft","Laptop, Other Portable Electronic Device","No"
523,"IL",1240,"7/30/12","Theft","Paper/Films","No"
524,"CT",7461,"7/30/12","Theft","Laptop","Yes"
525,"OR",702,"7/31/12","Theft","Other","No"
526,"CA",2300,"8/3/12","Theft","Desktop Computer","No"
527,"TX",2875,"8/3/12","Theft","Electronic Medical Record, Paper/Films","No"
528,"PA",66601,"8/10/12","Theft","Laptop","Yes"
529,"CA",603,"8/15/12","Theft","Desktop Computer","No"
530,"FL",1175,"8/15/12","Theft","Other Portable Electronic Device","No"
532,"FL",105646,"8/16/12","Theft","Electronic Medical Record","No"
533,"PA",3183,"8/17/12","Theft","Laptop","No"
534,"TX",2264,"8/17/12","Loss","Other Portable Electronic Device","No"
535,"IL",754,"8/21/12","Other, Unauthorized Access/Disclosure","Paper/Films","No"
536,"FL",500,"8/28/12","Theft","Laptop","No"
537,"GA",4000,"8/31/12","Theft","Laptop","No"
538,"NV",800,"9/5/12","Hacking/IT Incident, Unauthorized Access/Disclosure","Network Server","No"
539,"WA",942,"9/7/12","Theft","Laptop","No"
540,"FL",64846,"9/7/12","Other, Unauthorized Access/Disclosure","Paper/Films","No"
541,"NM",2365,"9/12/12","Hacking/IT Incident","Network Server","No"
542,"VA",4873,"9/13/12","Theft","Other Portable Electronic Device","No"
543,"NV",5713,"9/14/12","Loss","Other Portable Electronic Device","Yes"
544,"CT",5827,"9/14/12","Theft","Laptop, Other Portable Electronic Device","No"
545,"CA",3031,"9/17/12","Theft","Desktop Computer","No"
546,"KY",2500,"9/19/12","Unauthorized Access/Disclosure","Email","No"
547,"GA",13074,"10/8/12","Improper Disposal","Paper/Films","Yes"
548,"CA",65700,"10/10/12","Theft","Laptop","No"
549,"KY",2376,"10/12/12","Theft","Other Portable Electronic Device","No"
550,"TN",27799,"10/17/12","Theft","Laptop","No"
551,"CA",116506,"10/18/12","Theft","Laptop","No"
552,"GA",3440,"10/18/12","Theft","Other","No"
553,"CA",980,"10/22/12","Theft","Desktop Computer","No"
554,"CA",18000,"10/22/12","Other","Paper/Films","No"
555,"NJ",638,"10/23/12","Theft","Paper/Films","No"
556,"IN",2900,"10/23/12","Hacking/IT Incident","Network Server","No"
558,"IL",1500,"10/26/12","Theft","Paper/Films","No"
559,"RI",955,"10/26/12","Theft","Paper/Films","No"
560,"OH",500,"10/29/12","Improper Disposal","Paper/Films","No"
562,"NY",1017,"11/1/12","Theft","Network Server","Yes"
563,"IL",508,"11/2/12","Theft","Paper/Films","Yes"
564,"MI",2777,"11/5/12","Loss","Other, Other Portable Electronic Device","No"
567,"FL",2560,"11/5/12","Theft","Electronic Medical Record","No"
568,"LA",10271,"11/5/12","Theft, Unauthorized Access/Disclosure","Electronic Medical Record","No"
569,"RI",14004,"11/5/12","Loss","Other","No"
570,"CO",6262,"11/7/12","Loss","Paper/Films","No"
571,"IL",3897,"11/8/12","Loss","Other Portable Electronic Device","No"
572,"TX",5748,"11/16/12","Loss","Other Portable Electronic Device","No"
573,"CA",18000,"11/17/12","Other","Other","No"
574,"HI",674,"11/20/12","Hacking/IT Incident","Desktop Computer","No"
576,"CT",14511,"11/21/12","Theft","Other Portable Electronic Device","No"
577,"NM",540,"11/21/12","Theft","Laptop","No"
578,"MA",615,"11/26/12","Theft","Desktop Computer","No"
579,"IN",2575,"11/26/12","Other","Other","Yes"
580,"GA",1306,"11/27/12","Theft","Paper/Films","No"
581,"CT",1749,"11/28/12","Theft","Desktop Computer","No"
582,"FL",10000,"11/29/12","Theft","Desktop Computer","No"
583,"OH",613,"11/29/12","Theft","Laptop","No"
584,"IL",500,"11/29/12","Unauthorized Access/Disclosure","Network Server","Yes"
585,"NC",1100,"11/29/12","Improper Disposal","Paper/Films","No"
586,"CA",1370,"11/29/12","Unauthorized Access/Disclosure","Paper/Films","No"
587,"CA",1500,"11/29/12","Theft, Unauthorized Access/Disclosure","Desktop Computer","Yes"
588,"RI",683,"11/30/12","Theft","Laptop","No"
589,"VA",1846,"11/30/12","Loss","Other Portable Electronic Device","No"
590,"NC",5600,"12/7/12","Hacking/IT Incident","Email","No"
591,"FL",4907,"12/7/12","Theft","Paper/Films","No"
592,"TX",6601,"12/10/12","Unauthorized Access/Disclosure","Network Server, Other","No"
593,"NY",4929,"12/14/12","Theft","Desktop Computer","No"
594,"AR",2863,"12/20/12","Other","Paper/Films","No"
595,"OH",850,"12/20/12","Theft","Laptop, Network Server","No"
596,"NY",28187,"12/21/12","Unauthorized Access/Disclosure","Other","Yes"
597,"AZ",35488,"12/21/12","Theft","Paper/Films","No"
598,"CA",2643,"12/23/12","Unauthorized Access/Disclosure","Other","No"
599,"MI",4100,"12/23/12","Other","Laptop","No"
600,"IN",28893,"12/26/12","Theft","Laptop","No"
601,"NJ",27800,"12/27/12","Hacking/IT Incident, Theft","Network Server","No"
602,"KY",1090,"12/28/12","Theft","Laptop","Yes"
603,"MA",4343,"12/28/12","Hacking/IT Incident","Network Server","Yes"
604,"CA",56820,"12/31/12","Theft","Laptop","Yes"
605,"TX",2988,"12/31/12","Hacking/IT Incident","Desktop Computer","No"
606,"NY",1771,"1/2/13","Theft","Paper/Films","No"
607,"CA",532,"1/4/13","Theft","Desktop Computer","No"
608,"MA",4125,"1/7/13","Hacking/IT Incident","Network Server","Yes"
609,"NV",1483,"1/8/13","Improper Disposal","Paper/Films","No"
610,"OH",635,"1/8/13","Unauthorized Access/Disclosure","Paper/Films","Yes"
611,"AZ",852,"1/8/13","Unauthorized Access/Disclosure","Paper/Films","No"
612,"MA",7250,"1/10/13","Hacking/IT Incident","Network Server","Yes"
613,"LA",1400,"1/10/13","Theft","Laptop","No"
614,"MA",4100,"1/10/13","Hacking/IT Incident","Network Server","Yes"
615,"NY",19178,"1/11/13","Theft","Laptop","No"
616,"MO",1105,"1/11/13","Theft","Laptop","No"
617,"MD",3230,"1/17/13","Theft","Laptop","No"
618,"PA",1184,"1/18/13","Loss","Other","No"
619,"TX",678,"1/22/13","Unauthorized Access/Disclosure","Electronic Medical Record","No"
620,"NY",725,"1/22/13","Theft","Paper/Films","Yes"
622,"TX",29021,"1/24/13","Theft","Laptop","No"
623,"IL",8911,"1/30/13","Theft","Desktop Computer","Yes"
624,"LA",16988,"1/31/13","Improper Disposal","Paper/Films","Yes"
625,"AL",2400,"2/2/13","Theft","Desktop Computer","No"
626,"GA",1103,"2/4/13","Theft","Laptop","Yes"
627,"NC",1000,"2/6/13","Theft","Desktop Computer","Yes"
628,"FL",1200,"2/7/13","Theft","Laptop","Yes"
629,"FL",1200,"2/7/13","Theft","Laptop","No"
630,"GA",500,"2/11/13","Loss","Laptop","No"
631,"MD",5822,"2/12/13","Theft","Laptop","No"
632,"CA",1368,"2/12/13","Other, Theft","Paper/Films","Yes"
633,"WI",43549,"2/12/13","Unauthorized Access/Disclosure","Other","No"
634,"FL",566,"2/13/13","Other","Paper/Films","No"
635,"MO",4027,"2/14/13","Theft","Laptop","No"
636,"GA",1819,"2/15/13","Theft","Laptop","No"
637,"NM",778,"2/17/13","Theft","Laptop","No"
638,"GA",18000,"2/18/13","Unauthorized Access/Disclosure","Network Server","No"
639,"FL",3667,"2/19/13","Unauthorized Access/Disclosure","Paper/Films","Yes"
640,"SD",8500,"2/21/13","Theft","Desktop Computer","No"
641,"AZ",501,"2/21/13","Theft","Laptop","No"
642,"CA",109000,"2/22/13","Theft","Desktop Computer","No"
643,"CA",686,"2/25/13","Theft","Paper/Films","No"
644,"GA",3000,"2/27/13","Theft","Laptop","No"
645,"OH",2261,"3/1/13","Theft","Paper/Films","Yes"
646,"NY",28187,"3/1/13","Theft","Other Portable Electronic Device","Yes"
647,"IL",500,"3/1/13","Unauthorized Access/Disclosure","Other","Yes"
648,"FL",834,"3/2/13","Unauthorized Access/Disclosure","Electronic Medical Record","No"
649,"PA",527,"3/4/13","Theft","Paper/Films","No"
650,"ME",1920,"3/4/13","Other","Email","No"
651,"CA",18162,"3/4/13","Theft","Laptop","Yes"
652,"MA",6332,"3/6/13","Loss","Other Portable Electronic Device","Yes"
653,"OH",1200,"3/6/13","Theft","Desktop Computer","No"
654,"CT",1382,"3/8/13","Unauthorized Access/Disclosure","Network Server","No"
655,"FL",12299,"3/9/13","Theft","Laptop","No"
656,"MN",6400,"3/12/13","Hacking/IT Incident","Network Server","Yes"
657,"IN",1678,"3/14/13","Theft, Unauthorized Access/Disclosure","Network Server","Yes"
658,"FL",628,"3/15/13","Theft","Desktop Computer, Paper/Films","No"
659,"OR",3269,"3/15/13","Theft","Desktop Computer, Electronic Medical Record","No"
661,"MA",8727,"3/20/13","Hacking/IT Incident","Network Server","No"
662,"UT",2600,"3/22/13","Loss, Other, Theft","Paper/Films","No"
663,"TX",697,"3/22/13","Unauthorized Access/Disclosure","Paper/Films","No"
664,"RI",2082,"3/29/13","Other, Unknown","Paper/Films","No"
665,"WA",629,"3/29/13","Theft","Laptop","Yes"
666,"CA",2400,"3/29/13","Unauthorized Access/Disclosure","Paper/Films","Yes"
667,"FL",1025,"4/2/13","Theft","Electronic Medical Record","No"
668,"FL",14519,"4/3/13","Other, Theft, Unauthorized Access/Disclosure","Network Server","No"
669,"IL",12542,"4/3/13","Theft","Electronic Medical Record","No"
670,"VA",2360,"4/4/13","Theft","Network Server","Yes"
671,"NC",5370,"4/4/13","Theft, Unauthorized Access/Disclosure","Laptop, Paper/Films","No"
672,"TX",554,"4/5/13","Theft","Paper/Films","No"
673,"PA",3794,"4/5/13","Unauthorized Access/Disclosure","Paper/Films","Yes"
674,"SC",7405,"4/10/13","Theft","Laptop","No"
675,"MO",589,"4/11/13","Theft","Paper/Films","No"
676,"OR",1076,"4/11/13","Theft","Laptop","No"
677,"IN",3131,"4/12/13","Unauthorized Access/Disclosure","Other","No"
678,"NY",1416,"4/17/13","Theft","Desktop Computer","No"
679,"TX",818,"4/25/13","Other","Email","No"
680,"UT",857,"4/26/13","Unauthorized Access/Disclosure","Other","No"
681,"UT",700,"4/26/13","Theft","Desktop Computer","No"
682,"CA",14829,"4/29/13","Loss","Paper/Films","Yes"
683,"NC",1580,"5/1/13","Theft","Desktop Computer","No"
684,"AZ",3800,"5/1/13","Theft","Other Portable Electronic Device","No"
685,"OH",2500,"5/3/13","Theft","Other","No"
686,"NY",537,"5/6/13","Loss","Other Portable Electronic Device","No"
687,"PA",22000,"5/7/13","Theft","Other Portable Electronic Device","Yes"
688,"TX",189489,"5/7/13","Improper Disposal","Paper/Films","Yes"
689,"WA",750,"5/7/13","Improper Disposal","Paper/Films","No"
690,"TN",1180,"5/7/13","Unauthorized Access/Disclosure","Email","No"
691,"NC",9988,"5/8/13","Hacking/IT Incident","Network Server","Yes"
692,"TN",539,"5/8/13","Other","Desktop Computer","Yes"
693,"NC",1924,"5/10/13","Hacking/IT Incident","Network Server","Yes"
694,"IN",10350,"5/13/13","Theft","Laptop","No"
695,"NY",10000,"5/14/13","Unauthorized Access/Disclosure","Email","No"
696,"OH",9577,"5/20/13","Loss","Laptop","No"
697,"PA",7803,"5/20/13","Hacking/IT Incident","Network Server","No"
698,"IN",5388,"5/20/13","Improper Disposal","Other","Yes"
699,"IN",2723,"5/21/13","Hacking/IT Incident","Desktop Computer","No"
700,"AR",1900,"5/23/13","Theft, Unauthorized Access/Disclosure","Other","No"
701,"CA",3164,"5/24/13","Theft","Laptop","Yes"
702,"NY",2434,"5/24/13","Theft","Laptop","No"
703,"CA",1386,"5/24/13","Other","Other","No"
704,"VA",5764,"5/29/13","Theft","Electronic Medical Record","No"
705,"FL",5875,"5/30/13","Theft, Unauthorized Access/Disclosure","Electronic Medical Record","No"
706,"OH",1167,"6/3/13","Theft","Email","No"
707,"MA",1670,"6/5/13","Hacking/IT Incident","Desktop Computer","No"
708,"FL",877,"6/11/13","Unauthorized Access/Disclosure","Desktop Computer","No"
709,"CA",12900,"6/13/13","Theft","Laptop","No"
710,"NC",1093,"6/14/13","Theft","Paper/Films","No"
711,"OR",959,"6/14/13","Unauthorized Access/Disclosure","Paper/Films","No"
712,"MO",1127,"6/17/13","Improper Disposal","Email","No"
713,"FL",9626,"6/17/13","Theft, Unauthorized Access/Disclosure","Desktop Computer, Electronic Medical Record, Email, Network Server, Paper/Films","No"
714,"FL",5200,"6/24/13","Theft","Paper/Films","No"
715,"IA",7335,"6/26/13","Loss, Unknown","Other","No"
716,"NE",2125,"6/26/13","Loss","Other Portable Electronic Device","No"
717,"TX",1955,"6/28/13","Theft","Laptop","No"
718,"PR",679,"6/28/13","Theft","Laptop","Yes"
719,"IN",187533,"7/1/13","Other","Paper/Films","Yes"
720,"AZ",4305,"7/2/13","Theft","Paper/Films","Yes"
721,"CA",8331,"7/2/13","Other","Paper/Films","No"
722,"FL",900,"7/3/13","Theft","Laptop","No"
723,"OH",2203,"7/3/13","Theft","Paper/Films","No"
724,"NC",609,"7/5/13","Other","Email","No"
725,"CA",4479,"7/5/13","Unauthorized Access/Disclosure","Email","Yes"
726,"IL",3133,"7/8/13","Other","Paper/Films","Yes"
727,"CA",4718,"7/10/13","Loss","Paper/Films","Yes"
728,"TX",2462,"7/10/13","Theft","Laptop","No"
729,"MN",2764,"7/10/13","Theft","Paper/Films","No"
730,"TX",277014,"7/11/13","Improper Disposal","Other","Yes"
731,"CA",2864,"7/11/13","Unauthorized Access/Disclosure","Electronic Medical Record","No"
733,"WY",2700,"7/15/13","Unauthorized Access/Disclosure","Desktop Computer","Yes"
734,"MO",4560,"7/15/13","Unauthorized Access/Disclosure","Other","Yes"
735,"TX",21000,"7/16/13","Unauthorized Access/Disclosure","Desktop Computer","No"
736,"CA",800,"7/18/13","Hacking/IT Incident, Theft, Unauthorized Access/Disclosure","Desktop Computer, Network Server","Yes"
737,"FL",710,"7/19/13","Theft","Desktop Computer","No"
738,"NY",2700,"7/20/13","Loss","Other Portable Electronic Device","No"
739,"LA",6994,"7/22/13","Unauthorized Access/Disclosure","Desktop Computer","No"
741,"CO",532,"7/31/13","Unauthorized Access/Disclosure","Email","No"
742,"CA",1837,"8/2/13","Theft","Laptop","No"
743,"AR",1911,"8/5/13","Theft","Laptop","Yes"
744,"TX",940,"8/5/13","Unauthorized Access/Disclosure","Other Portable Electronic Device","No"
745,"NV",32151,"8/8/13","Unauthorized Access/Disclosure","Network Server","Yes"
746,"OH",2045,"8/12/13","Theft","Laptop","No"
747,"IN",1396,"8/12/13","Unauthorized Access/Disclosure","Electronic Medical Record","No"
748,"IN",5497,"8/13/13","Theft","Other","Yes"
749,"MO",1357,"8/13/13","Unauthorized Access/Disclosure","Paper/Films","Yes"
750,"TN",5690,"8/15/13","Unauthorized Access/Disclosure","Laptop","No"
751,"CA",1033,"8/16/13","Other","Paper/Films","No"
752,"TX",3200,"8/19/13","Loss, Theft","Other Portable Electronic Device","No"
753,"ND",10000,"8/21/13","Improper Disposal","Desktop Computer, Other, Other Portable Electronic Device, Paper/Films","No"
754,"FL",1471,"8/22/13","Theft","Other, Paper/Films","No"
755,"IL",4029530,"8/23/13","Theft","Desktop Computer","No"
756,"CO",921,"8/27/13","Hacking/IT Incident","Desktop Computer","No"
757,"TX",596,"8/28/13","Theft","Laptop","No"
758,"TN",32000,"8/30/13","Theft","Network Server","Yes"
759,"GA",654,"8/30/13","Unauthorized Access/Disclosure","Email","No"
760,"MO",2600,"8/30/13","Theft","Laptop, Other Portable Electronic Device","No"
762,"CO",1500,"9/3/13","Theft","Laptop","No"
763,"MO",10000,"9/3/13","Theft","Desktop Computer, Network Server","No"
764,"OR",647,"9/3/13","Unauthorized Access/Disclosure","Electronic Medical Record","No"
765,"CA",2182,"9/6/13","Theft","Laptop","No"
766,"IL",1290,"9/6/13","Hacking/IT Incident","Other","Yes"
767,"PR",5000,"9/11/13","Theft","Network Server","Yes"
768,"FL",915,"9/12/13","Theft","Other Portable Electronic Device","No"
769,"TN",4268,"9/13/13","Loss","Other","No"
770,"SC",4204,"9/13/13","Improper Disposal","Other","No"
771,"IL",2029,"9/13/13","Hacking/IT Incident","Network Server","Yes"
772,"IL",998,"9/13/13","Hacking/IT Incident","Network Server","Yes"
773,"NY",8000,"9/16/13","Theft","Network Server","No"
774,"FL",915,"9/16/13","Unknown","Other","No"
775,"CA",1009,"9/20/13","Unauthorized Access/Disclosure","Electronic Medical Record","No"
776,"MO",25461,"9/20/13","Unauthorized Access/Disclosure","Paper/Films","Yes"
777,"FL",9900,"9/24/13","Theft, Unauthorized Access/Disclosure","Desktop Computer, Network Server","No"
778,"VA",10228,"9/26/13","Theft","Email","No"
779,"OH",1360,"9/27/13","Theft","Laptop","No"
780,"CA",579,"9/27/13","Theft","Laptop","No"
781,"CO",3512,"9/28/13","Theft","Laptop","Yes"
782,"OH",517,"9/30/13","Theft","Desktop Computer, Network Server","No"
783,"TN",6932,"9/30/13","Theft","Laptop","No"
784,"NJ",2500,"10/1/13","Theft","Laptop","No"
785,"IA",1825,"10/2/13","Unauthorized Access/Disclosure","Electronic Medical Record","No"
786,"GA",5232,"10/2/13","Theft","Email","Yes"
787,"CA",3553,"10/3/13","Theft","Laptop, Paper/Films","No"
788,"PA",2350,"10/3/13","Theft","Paper/Films","No"
789,"WA",1015,"10/3/13","Other","Paper/Films","No"
790,"PA",2810,"10/4/13","Theft","Laptop","No"
791,"NC",1310,"10/4/13","Hacking/IT Incident","Email","No"
792,"NY",1586,"10/4/13","Improper Disposal","Paper/Films","No"
793,"TN",4330,"10/4/13","Unauthorized Access/Disclosure","Paper/Films","Yes"
794,"MO",3100,"10/7/13","Unauthorized Access/Disclosure","Email","No"
795,"IL",7120,"10/9/13","Hacking/IT Incident","Network Server","Yes"
796,"MI",3947,"10/11/13","Hacking/IT Incident","Network Server","No"
797,"IN",566,"10/14/13","Theft","Laptop","No"
798,"CO",606,"10/14/13","Improper Disposal","Paper/Films","No"
799,"IL",1067,"10/14/13","Unauthorized Access/Disclosure","Email","No"
800,"VT",550,"10/15/13","Theft","Laptop","No"
801,"AK",1556,"10/16/13","Unauthorized Access/Disclosure","Email","No"
802,"FL",960,"10/17/13","Unauthorized Access/Disclosure","Desktop Computer","No"
803,"NY",610,"10/21/13","Loss","Other Portable Electronic Device","No"
804,"TX",949,"10/22/13","Theft","Desktop Computer","No"
805,"MI",3947,"10/23/13","Hacking/IT Incident","Network Server","No"
806,"TX",5500,"10/23/13","Theft","Laptop","No"
807,"NY",10930,"10/25/13","Unauthorized Access/Disclosure","Network Server","Yes"
808,"NY",37000,"10/25/13","Unauthorized Access/Disclosure","Network Server","Yes"
809,"CA",3833,"10/25/13","Theft","Laptop","No"
810,"CA",729000,"10/25/13","Theft","Laptop","No"
811,"TX",5840,"10/28/13","Theft","Desktop Computer","No"
812,"FL",603,"10/29/13","Improper Disposal","Paper/Films","Yes"
813,"FL",10680,"10/29/13","Unauthorized Access/Disclosure","Laptop","No"
814,"PA",2300,"10/31/13","Unauthorized Access/Disclosure","Network Server","No"
815,"IL",2237,"11/1/13","Theft","Laptop","No"
816,"SC",3500,"11/1/13","Theft","Laptop","No"
817,"TX",6284,"11/1/13","Other","Paper/Films","No"
818,"PA",1167,"11/1/13","Loss","Other Portable Electronic Device","No"
819,"CO",651,"11/2/13","Theft, Unauthorized Access/Disclosure","Electronic Medical Record","No"
820,"MN",3807,"11/4/13","Unauthorized Access/Disclosure","Electronic Medical Record","No"
821,"NJ",1100,"11/5/13","Theft","Laptop","No"
822,"CA",11500,"11/5/13","Theft","Laptop","No"
823,"NC",687,"11/7/13","Unauthorized Access/Disclosure","Paper/Films","No"
824,"NC",1315,"11/8/13","Unauthorized Access/Disclosure","Other","No"
825,"PR",13336,"11/8/13","Unauthorized Access/Disclosure","Paper/Films","Yes"
826,"NC",7300,"11/8/13","Unauthorized Access/Disclosure","Other","No"
827,"ND",2000,"11/12/13","Theft","Paper/Films","No"
828,"MD",7606,"11/12/13","Theft","Email","No"
829,"AZ",1456,"11/13/13","Theft","Other","Yes"
830,"NY",2279,"11/13/13","Loss","Other Portable Electronic Device","No"
831,"IL",3804,"11/14/13","Theft","Laptop","Yes"
832,"IL",4837,"11/14/13","Theft","Laptop","Yes"
833,"GA",1300,"11/15/13","Theft","Laptop","No"
834,"CA",1039,"11/19/13","Loss","Other Portable Electronic Device","No"
835,"CA",8294,"11/22/13","Theft","Laptop, Paper/Films","No"
836,"NJ",9825,"11/22/13","Loss","Other Portable Electronic Device","No"
837,"CA",49000,"11/22/13","Loss","Other Portable Electronic Device","No"
839,"IN",1500,"11/26/13","Theft","Desktop Computer","No"
840,"WA",950,"11/26/13","Theft","Laptop","No"
841,"PA",1279,"11/27/13","Unauthorized Access/Disclosure","Electronic Medical Record","No"
842,"IL",2080,"11/29/13","Unauthorized Access/Disclosure","Network Server","No"
843,"FL",1000,"12/4/13","Unauthorized Access/Disclosure","Paper/Films","No"
844,"OH",643,"12/6/13","Unauthorized Access/Disclosure","Paper/Films","No"
845,"IL",1573,"12/6/13","Theft","Email","Yes"
846,"IL",1891,"12/6/13","Loss, Theft","Laptop","No"
847,"GA",5000,"12/6/13","Hacking/IT Incident","Desktop Computer","No"
848,"GA",4500,"12/6/13","Theft","Laptop","No"
849,"IL",17350,"12/6/13","Other","Paper/Films","No"
850,"TX",44000,"12/6/13","Unauthorized Access/Disclosure","Other","No"
851,"FL",4400,"12/9/13","Unauthorized Access/Disclosure","Desktop Computer","No"
852,"GA",4879,"12/10/13","Loss","Laptop","No"
853,"KY",535,"12/10/13","Theft","Other Portable Electronic Device","No"
854,"CA",59000,"12/10/13","Hacking/IT Incident","Network Server","No"
855,"NY",9642,"12/12/13","Loss","Other Portable Electronic Device","Yes"
856,"CA",1499,"12/16/13","Unauthorized Access/Disclosure","Network Server","Yes"
857,"WY",11935,"12/16/13","Unauthorized Access/Disclosure","Network Server","No"
858,"MT",1900,"12/17/13","Unauthorized Access/Disclosure","Desktop Computer, Email","No"
859,"SC",3432,"12/18/13","Theft","Laptop","Yes"
860,"WY",11935,"12/19/13","Hacking/IT Incident","Network Server","No"
861,"TN",2777,"12/19/13","Theft","Laptop","Yes"
862,"CA",1674,"12/20/13","Loss","Paper/Films","Yes"
863,"TX",2826,"12/21/13","Other","Paper/Films","No"
864,"CA",1400,"12/23/13","Theft","Desktop Computer","No"
865,"MA",832,"12/23/13","Unauthorized Access/Disclosure","Email","No"
866,"NC",1683,"12/23/13","Other","Paper/Films","No"
867,"FL",2354,"12/23/13","Unauthorized Access/Disclosure","Desktop Computer","No"
868,"FL",9017,"12/31/13","Hacking/IT Incident","Laptop, Network Server","No"
869,"NM",12354,"12/31/13","Theft","Laptop","No"
870,"CO",1918,"1/2/14","Unauthorized Access/Disclosure","Email","Yes"
871,"NJ",839711,"1/3/14","Theft","Laptop","Yes"
872,"GA",6989,"1/3/14","Loss","Desktop Computer","No"
873,"WA",2500,"1/3/14","Theft","Email, Laptop, Network Server","No"
874,"MI",3000,"1/6/14","Other","Paper/Films","Yes"
875,"NC",48752,"1/6/14","Unauthorized Access/Disclosure","Other","No"
876,"CA",2500,"1/8/14","Theft","Laptop","Yes"
877,"MS",1489,"1/10/14","Hacking/IT Incident","Network Server","No"
878,"VA",25513,"1/10/14","Theft","Paper/Films","Yes"
879,"IL",22511,"1/11/14","Other","Email","No"
880,"OH",953,"1/13/14","Unknown","Other","No"
881,"OH",4230,"1/13/14","Theft","Network Server","No"
882,"TN",9602,"1/15/14","Theft","Laptop","No"
884,"CT",858,"1/16/14","Theft","Paper/Films","No"
885,"VA",3861,"1/16/14","Theft, Unauthorized Access/Disclosure","Electronic Medical Record","No"
886,"MI",5370,"1/16/14","Theft","Network Server","No"
887,"KS",1700,"1/21/14","Unauthorized Access/Disclosure","Other Portable Electronic Device","No"
888,"NY",937,"1/21/14","Theft","Desktop Computer, Paper/Films","No"
889,"NY",2172,"1/22/14","Loss","Other Portable Electronic Device","No"
890,"PA",3101,"1/23/14","Loss","Paper/Films","No"
891,"CA",611,"1/24/14","Theft","Laptop","Yes"
892,"PR",8000,"1/24/14","Theft, Unauthorized Access/Disclosure","Network Server","Yes"
893,"AL",1085,"1/24/14","Other","Other","Yes"
894,"OH",1420,"1/27/14","Unauthorized Access/Disclosure","Paper/Films","Yes"
895,"WI",41437,"1/30/14","Loss","Other Portable Electronic Device","Yes"
896,"TX",3598,"1/31/14","Loss","Other Portable Electronic Device","No"
897,"IL",836,"1/31/14","Loss","Paper/Films","No"
898,"DE",1883,"1/31/14","Other","Laptop","No"
899,"TX",405000,"2/5/14","Hacking/IT Incident","Network Server","No"
900,"CA",4676,"2/5/14","Theft","Other Portable Electronic Device","No"
901,"CA",3026,"2/7/14","Theft","Laptop","No"
902,"GA",841,"2/7/14","Theft","Laptop","No"
903,"IL",16446,"2/10/14","Theft","Electronic Medical Record, Other","No"
904,"WA",3104,"2/11/14","Other, Unauthorized Access/Disclosure","Paper/Films","No"
905,"NY",6475,"2/12/14","Other, Theft","Laptop","No"
906,"FL",13074,"2/12/14","Loss","Paper/Films","No"
907,"PA",593,"2/13/14","Unauthorized Access/Disclosure","Network Server","No"
908,"OH",1139,"2/14/14","Theft","Other","No"
909,"CA",2269,"2/14/14","Hacking/IT Incident","Email","No"
910,"IN",1142,"2/18/14","Theft","Laptop","No"
911,"MN",10024,"2/21/14","Unauthorized Access/Disclosure","Network Server","Yes"
912,"MN",520,"2/21/14","Unauthorized Access/Disclosure","Network Server","Yes"
913,"MN",4786,"2/21/14","Unauthorized Access/Disclosure","Network Server","Yes"
914,"NJ",1411,"2/21/14","Theft","Desktop Computer","No"
915,"MN",1511,"2/25/14","Unauthorized Access/Disclosure","Network Server","Yes"
916,"VA",3458,"2/26/14","Theft","Laptop","No"
917,"PA",8845,"2/26/14","Other, Unauthorized Access/Disclosure","Other","Yes"
918,"OH",504,"2/26/14","Other","Electronic Medical Record","No"
919,"NC",548,"2/26/14","Loss, Theft","Laptop","No"
920,"TX",7500,"2/27/14","Theft","Desktop Computer","No"
921,"GA",600,"2/28/14","Other","Other","Yes"
922,"CA",3534,"3/4/14","Improper Disposal","Paper/Films","No"
923,"TX",3300,"3/5/14","Hacking/IT Incident","Network Server","Yes"
924,"AZ",55207,"3/5/14","Other","Other","No"
925,"AL",1145,"3/7/14","Hacking/IT Incident","Network Server","Yes"
926,"AL",1179,"3/10/14","Hacking/IT Incident","Network Server","Yes"
927,"IA",2042,"3/10/14","Other","Email, Laptop, Other Portable Electronic Device","No"
928,"CA",7800,"3/12/14","Theft","Email","No"
929,"CA",9861,"3/12/14","Theft","Desktop Computer","No"
930,"MI",1087,"3/13/14","Theft, Unauthorized Access/Disclosure","Paper/Films","No"
931,"TX",5000,"3/13/14","Theft","Other","No"
932,"CO",5415,"3/14/14","Hacking/IT Incident","Desktop Computer, Laptop","No"
933,"AZ",1706,"3/16/14","Theft","Laptop","No"
934,"TX",2260,"3/17/14","Improper Disposal, Loss","Other Portable Electronic Device","Yes"
935,"MN",1746,"3/18/14","Unauthorized Access/Disclosure","Network Server","Yes"
936,"KY",1000,"3/20/14","Other","Electronic Medical Record","No"
937,"MN",27839,"3/21/14","Unauthorized Access/Disclosure","Desktop Computer, Laptop, Other Portable Electronic Device","No"
938,"MN",796,"3/21/14","Loss, Unauthorized Access/Disclosure","Desktop Computer, Laptop, Other Portable Electronic Device","Yes"
939,"MN",1699,"3/21/14","Loss, Unauthorized Access/Disclosure","Desktop Computer, Laptop, Other Portable Electronic Device","Yes"
940,"MN",715,"3/21/14","Loss, Unauthorized Access/Disclosure","Desktop Computer, Laptop, Other Portable Electronic Device","Yes"
941,"CA",55900,"3/21/14","Theft","Desktop Computer","Yes"
942,"CA",55900,"3/21/14","Theft","Desktop Computer","Yes"
943,"WA",1079,"3/24/14","Theft","Laptop","Yes"
944,"MT",543,"3/24/14","Loss","Paper/Films","No"
945,"FL",586,"3/24/14","Loss","Other Portable Electronic Device","No"
946,"IL",1000,"3/25/14","Theft","Laptop, Other Portable Electronic Device","No"
947,"VA",5534,"3/27/14","Loss, Other","Other Portable Electronic Device","No"
948,"PA",657,"3/27/14","Unauthorized Access/Disclosure","Email","No"
949,"WA",8300,"3/28/14","Other","Email","No"
950,"CA",5499,"3/28/14","Theft","Other Portable Electronic Device","No"
951,"UT",643,"3/29/14","Unauthorized Access/Disclosure","Email","No"
952,"TX",1000,"3/31/14","Unauthorized Access/Disclosure","Other","Yes"
953,"FL",580,"3/31/14","Unauthorized Access/Disclosure","Paper/Films","Yes"
954,"IL",1256,"3/31/14","Hacking/IT Incident","Email","No"
955,"MD",214000,"4/1/14","Unauthorized Access/Disclosure","Laptop","No"
956,"CA",5178,"4/2/14","Hacking/IT Incident","Network Server","No"
957,"MI",2595,"4/3/14","Theft","Other Portable Electronic Device","No"
958,"IL",836,"4/4/14","Other","Paper/Films","No"
959,"KS",979,"4/9/14","Loss","Paper/Films","No"
960,"CT",527,"4/9/14","Loss","Paper/Films","Yes"
961,"VA",75026,"4/10/14","Theft","Paper/Films","Yes"
962,"MO",2546,"4/11/14","Unauthorized Access/Disclosure","Other","No"
963,"CA",793,"4/14/14","Loss","Other Portable Electronic Device","No"
964,"MD",5000,"4/15/14","Unauthorized Access/Disclosure","Other","No"
965,"PR",7911,"4/15/14","Theft","Other Portable Electronic Device","Yes"
967,"MS",3750,"4/16/14","Theft","Other","No"
968,"MD",10766,"4/17/14","Hacking/IT Incident, Unauthorized Access/Disclosure","Network Server","Yes"
969,"GA",2523,"4/17/14","Theft, Unauthorized Access/Disclosure","Paper/Films","Yes"
970,"OH",617,"4/18/14","Loss","Paper/Films","No"
971,"IA",1400,"4/18/14","Unauthorized Access/Disclosure","Paper/Films","Yes"
972,"ID",6900,"4/18/14","Theft","Other Portable Electronic Device","No"
973,"CO",12286,"4/22/14","Hacking/IT Incident","Email","No"
974,"FL",2365,"4/23/14","Theft, Unauthorized Access/Disclosure","Laptop","No"
975,"MA",8830,"4/24/14","Theft","Other","No"
976,"DC",2200,"4/24/14","Unauthorized Access/Disclosure","Paper/Films","Yes"
977,"NY",4830,"4/24/14","Unauthorized Access/Disclosure","Email","No"
978,"UT",9800,"4/24/14","Hacking/IT Incident","Network Server","Yes"
979,"TX",1253,"4/25/14","Hacking/IT Incident","Email","No"
980,"TX",2308,"4/25/14","Hacking/IT Incident","Email","No"
981,"TX",1981,"4/25/14","Hacking/IT Incident","Email","No"
982,"TX",2742,"4/25/14","Hacking/IT Incident","Email","No"
983,"IN",1361,"4/25/14","Hacking/IT Incident","Network Server","Yes"
984,"IA",862,"4/25/14","Unauthorized Access/Disclosure","Paper/Films","No"
985,"AL",629,"4/25/14","Theft","Paper/Films","No"
986,"PA",1845,"4/29/14","Loss","Paper/Films","No"
987,"MA",15265,"4/29/14","Other","Other","Yes"
988,"IL",5696,"4/30/14","Theft","Paper/Films","Yes"
989,"MA",2387,"5/5/14","Unauthorized Access/Disclosure","Electronic Medical Record, Paper/Films","No"
991,"IN",1008,"5/6/14","Other","Email","Yes"
992,"NJ",2828,"5/9/14","Theft, Unauthorized Access/Disclosure","Paper/Films","No"
993,"TX",1000,"5/10/14","Theft","Laptop","No"
994,"OR",17914,"5/19/14","Unauthorized Access/Disclosure","Other","No"
995,"MI",502,"5/19/14","Unauthorized Access/Disclosure","Email","Yes"
996,"NH",1208,"5/21/14","Theft","Desktop Computer","No"
997,"NJ",342197,"5/22/14","Theft","Email, Laptop","Yes"
998,"KY",2962,"5/23/14","Theft","Other Portable Electronic Device","No"
999,"NY",26162,"5/23/14","Unauthorized Access/Disclosure","Desktop Computer","No"
1000,"OH",594,"5/28/14","Unauthorized Access/Disclosure","Electronic Medical Record, Network Server","No"
1001,"OK",3814,"5/30/14","Theft","Laptop","Yes"
1002,"KS",9640,"6/5/14","Unauthorized Access/Disclosure","Email","No"
1003,"MN",1304,"6/5/14","Other","Email","No"
1004,"CA",5845,"6/6/14","Theft","Desktop Computer","No"
1005,"PA",1801,"6/6/14","Unauthorized Access/Disclosure","Email, Other Portable Electronic Device","No"
1006,"IL",540,"6/6/14","Theft","Desktop Computer, Paper/Films","No"
1007,"GA",1175,"6/9/14","Unauthorized Access/Disclosure","Email","No"
1008,"FL",9255,"6/11/14","Theft","Other","Yes"
1009,"FL",1831,"6/12/14","Hacking/IT Incident","Other","Yes"
1010,"CA",33702,"6/13/14","Loss, Theft","Other Portable Electronic Device","No"
1011,"TX",2874,"6/13/14","Unauthorized Access/Disclosure","Electronic Medical Record","No"
1012,"MI",2289,"6/16/14","Unauthorized Access/Disclosure","Email","No"
1013,"MD",620,"6/19/14","Unauthorized Access/Disclosure","Other","No"
1014,"NY",97000,"6/20/14","Hacking/IT Incident, Unauthorized Access/Disclosure","Desktop Computer, Other Portable Electronic Device","No"
1015,"NY",872,"6/20/14","Theft","Laptop","No"
1016,"CA",5471,"6/20/14","Theft","Desktop Computer","No"
1017,"CO",750,"6/23/14","Theft","Laptop","No"
1018,"NY",2000,"6/24/14","Theft","Electronic Medical Record","No"
1019,"CA",563,"6/24/14","Theft","Laptop","No"
1020,"CA",14121,"6/24/14","Unauthorized Access/Disclosure","Email","No"
1021,"CA",6307,"6/25/14","Unauthorized Access/Disclosure","Email, Other","No"
1022,"AL",1200,"6/26/14","Theft","Electronic Medical Record","No"
1023,"MD",42713,"6/27/14","Theft","Laptop","No"
1024,"CA",592,"7/4/14","Unauthorized Access/Disclosure","Paper/Films","No"
1025,"AL",1100,"7/7/14","Hacking/IT Incident","Desktop Computer","No"
1026,"MT",1062509,"7/7/14","Hacking/IT Incident","Network Server","No"
1027,"PA",2589,"7/8/14","Theft","Paper/Films","Yes"
1028,"WA",6000,"7/8/14","Theft","Desktop Computer, Laptop","No"
1029,"IN",63325,"7/9/14","Unauthorized Access/Disclosure","Paper/Films","Yes"
1030,"AL",50918,"7/11/14","Other","Network Server","Yes"
1031,"NV",12000,"7/12/14","Theft","Network Server","No"
1032,"MD",620,"7/15/14","Loss","Paper/Films","No"
1033,"PA",661,"7/16/14","Theft","Paper/Films","No"
1034,"CA",2780,"7/16/14","Theft","Desktop Computer","No"
1035,"MN",500,"7/17/14","Unauthorized Access/Disclosure","Paper/Films","No"
1037,"IL",680,"7/23/14","Unauthorized Access/Disclosure","Network Server","Yes"
1038,"NY",3334,"7/23/14","Other","Network Server","Yes"
1039,"SC",38906,"7/25/14","Theft","Laptop","No"
1040,"AZ",3529,"7/25/14","Improper Disposal","Other","No"
1041,"CA",4000,"7/28/14","Unauthorized Access/Disclosure","Network Server","Yes"
1042,"AZ",13877,"7/29/14","Other, Theft, Unauthorized Access/Disclosure","Email, Network Server","No"
1043,"IL",982,"7/30/14","Theft","Laptop","No"
1044,"WA",522,"7/30/14","Theft","Paper/Films","No"
1045,"MN",4487,"7/31/14","Hacking/IT Incident","Network Server","Yes"
1046,"VA",2318,"7/31/14","Theft","Electronic Medical Record, Other","No"
1047,"OH",605,"8/6/14","Loss","Paper/Films","No"
1048,"NJ",36400,"8/7/14","Loss","Other","No"
1049,"GA",7016,"8/7/14","Unauthorized Access/Disclosure","Network Server","Yes"
1050,"UT",31677,"8/7/14","Hacking/IT Incident","Network Server","No"
1051,"GA",10104,"8/8/14","Hacking/IT Incident","Network Server","Yes"
1052,"TX",60582,"8/8/14","Hacking/IT Incident","Network Server","Yes"
1053,"CA",1251,"8/12/14","Hacking/IT Incident","Network Server","No"
1054,"CO",11551,"8/12/14","Other, Unauthorized Access/Disclosure","Other","No"
1055,"TN",28300,"8/12/14","Improper Disposal","Other","No"
1056,"CA",1674,"8/13/14","Improper Disposal, Loss, Theft","Other","Yes"
1057,"GA",520,"8/14/14","Hacking/IT Incident, Other","Network Server","Yes"
1058,"MA",10000,"8/15/14","Loss, Theft","Paper/Films","Yes"
1059,"CA",49714,"8/15/14","Improper Disposal, Loss, Theft","Paper/Films","Yes"
1060,"MO",4067,"8/15/14","Hacking/IT Incident","Network Server","Yes"
1061,"LA",6073,"8/15/14","Hacking/IT Incident","Network Server","No"
1062,"CA",500,"8/18/14","Theft","Paper/Films","No"
1063,"IL",13646,"8/19/14","Theft","Laptop","No"
1064,"TN",4500000,"8/20/14","Theft","Network Server","Yes"
1065,"OK",6000,"8/22/14","Unauthorized Access/Disclosure","Email","No"
1066,"OH",6141,"8/22/14","Theft","Network Server","No"
1067,"GA",2350,"8/25/14","Theft","Paper/Films","No"
1068,"MA",595,"8/26/14","Theft","Laptop, Other Portable Electronic Device","No"
1069,"FL",948,"8/26/14","Theft","Desktop Computer","No"
1070,"MO",1376,"8/26/14","Improper Disposal","Paper/Films","No"
1071,"NY",802,"8/27/14","Unauthorized Access/Disclosure","Paper/Films","No"
1072,"GA",720,"8/28/14","Improper Disposal","Other","No"
1073,"TN",1717,"8/29/14","Other","Other","No"
1074,"NC",10993,"8/29/14","Theft","Other Portable Electronic Device","No"
1075,"TX",10604,"8/29/14","Unauthorized Access/Disclosure","Desktop Computer","No"
1076,"CA",3206,"8/29/14","Theft","Desktop Computer, Network Server, Paper/Films","No"
1077,"GA",10000,"9/4/14","Unauthorized Access/Disclosure","Paper/Films","No"
1078,"TN",566,"9/4/14","Theft","Paper/Films","Yes"
1079,"PA",3780,"9/5/14","Theft","Desktop Computer","No"
1080,"IN",1464,"9/8/14","Unauthorized Access/Disclosure","Paper/Films","No"
1081,"NY",914,"9/9/14","Loss","Other Portable Electronic Device","No"
1082,"TX",789,"9/9/14","Loss, Theft","Laptop, Other Portable Electronic Device","No"
1083,"KY",697,"9/9/14","Unauthorized Access/Disclosure","Other","No"
1084,"FL",82601,"9/9/14","Theft, Unauthorized Access/Disclosure","Electronic Medical Record","Yes"
1085,"SC",3637,"9/10/14","Unauthorized Access/Disclosure","Paper/Films","No"
1086,"IL",1866,"9/10/14","Unauthorized Access/Disclosure","Paper/Films","No"
1087,"TX",2e+06,"9/10/14","Unauthorized Access/Disclosure","Desktop Computer, Email, Laptop, Network Server, Other, Other Portable Electronic Device","Yes"
1088,"CA",33136,"9/10/14","Theft","Laptop","No"
1089,"FL",675,"9/12/14","Unauthorized Access/Disclosure","Electronic Medical Record","No"
1090,"NM",843,"9/12/14","Theft","Other Portable Electronic Device","No"
1091,"TN",800,"9/12/14","Theft","Paper/Films","Yes"
1092,"IL",767,"9/17/14","Other","Email","Yes"
1093,"NM",2657,"9/18/14","Unauthorized Access/Disclosure","Paper/Films","No"
1094,"KY",4077,"9/22/14","Unauthorized Access/Disclosure","Other Portable Electronic Device","Yes"
1095,"CO",523,"9/26/14","Theft","Laptop","No"
1096,"LA",707,"9/26/14","Theft","Laptop, Other","No"
1097,"AL",2588,"9/30/14","Theft","Laptop","No"
1098,"MI",6302,"10/1/14","Unauthorized Access/Disclosure","Other","No"
1099,"NY",10793,"10/3/14","Theft","Laptop","No"
1100,"TN",307528,"10/3/14","Unauthorized Access/Disclosure","Network Server","No"
1101,"OR",1320,"10/6/14","Theft","Laptop","No"
1102,"NJ",585,"10/6/14","Unauthorized Access/Disclosure","Network Server","Yes"
1103,"PA",1667,"10/7/14","Unauthorized Access/Disclosure","Paper/Films","Yes"
1104,"TX",810,"10/8/14","Theft","Desktop Computer","No"
1105,"CA",1326,"10/8/14","Hacking/IT Incident","Email","No"
1106,"TX",4000,"10/9/14","Unauthorized Access/Disclosure","Paper/Films","No"
1107,"NC",1872,"10/9/14","Unauthorized Access/Disclosure","Paper/Films","No"
1108,"GA",3397,"10/9/14","Theft","Laptop","No"
1109,"NY",835,"10/10/14","Unauthorized Access/Disclosure","Other Portable Electronic Device","No"
1110,"CO",15380,"10/10/14","Unauthorized Access/Disclosure","Other","Yes"
1111,"TX",4500,"10/10/14","Hacking/IT Incident","Network Server","Yes"
1112,"NY",10058,"10/10/14","Unauthorized Access/Disclosure","Paper/Films","No"
1113,"VA",568,"10/10/14","Theft, Unauthorized Access/Disclosure","Paper/Films","No"
1114,"TX",1000,"10/15/14","Theft","Laptop","No"
1115,"CA",1863,"10/15/14","Theft","Other","No"
1116,"NJ",35357,"10/22/14","Unauthorized Access/Disclosure","Network Server","Yes"
1117,"KY",727,"10/22/14","Improper Disposal, Unauthorized Access/Disclosure","Paper/Films","No"
1118,"NY",20000,"10/22/14","Theft","Paper/Films","No"
1119,"FL",3500,"10/28/14","Theft","Network Server","No"
1120,"TX",507,"10/28/14","Loss","Other Portable Electronic Device","No"
1121,"OR",1740,"10/29/14","Theft","Paper/Films","No"
1122,"FL",1782,"10/30/14","Unauthorized Access/Disclosure","Email","No"
1123,"PA",13907,"10/31/14","Theft","Laptop","No"
1124,"FL",7888,"11/3/14","Theft","Desktop Computer, Network Server","No"
1125,"NC",76258,"11/7/14","Theft","Network Server","No"
1126,"NY",3936,"11/7/14","Theft","Electronic Medical Record, Laptop","No"
1127,"TX",74944,"11/10/14","Loss","Network Server","No"
1129,"CA",13177,"11/14/14","Theft","Network Server","No"
1130,"CA",2691,"11/14/14","Theft","Paper/Films","Yes"
1131,"AZ",1296,"11/14/14","Other","Email","No"
1132,"CA",30000,"11/15/14","Theft","Network Server","No"
1133,"MA",999,"11/17/14","Theft","Laptop, Other Portable Electronic Device","No"
1134,"PA",860,"11/19/14","Theft","Paper/Films","No"
1135,"NY",31980,"11/20/14","Other","Email","No"
1136,"FL",1449,"11/20/14","Unauthorized Access/Disclosure","Electronic Medical Record","No"
1137,"TX",47683,"11/21/14","Theft","Network Server","No"
1138,"OH",542,"11/21/14","Theft","Laptop","No"
1139,"TX",4469,"11/25/14","Unauthorized Access/Disclosure","Paper/Films","Yes"
1140,"MN",1778,"11/25/14","Improper Disposal","Paper/Films","No"
1141,"AL",25764,"11/26/14","Theft","Network Server","Yes"
1142,"WY",1607,"12/1/14","Loss","Paper/Films","No"
1143,"UT",623,"12/5/14","Theft","Laptop","No"
1144,"FL",2477,"12/8/14","Other","Email","No"
1145,"KY",4500,"12/9/14","Theft","Laptop","No"
1146,"CA",30000,"12/12/14","Hacking/IT Incident","Desktop Computer, Laptop, Network Server","No"
1147,"AZ",616,"12/12/14","Unauthorized Access/Disclosure","Other Portable Electronic Device","No"
1148,"IL",12621,"12/12/14","Unauthorized Access/Disclosure","Other","No"
1149,"MI",1488,"12/12/14","Unauthorized Access/Disclosure","Email","No"
1150,"IL",160000,"12/15/14","Other","Paper/Films","No"
1151,"CO",5000,"12/19/14","Theft","Laptop","No"
1152,"OR",41000,"12/19/14","Theft","Laptop","No"
1155,"PA",12450,"12/26/14","Improper Disposal","Paper/Films","No"
1157,"FL",1859,"1/5/15","Unauthorized Access/Disclosure","Email","No"
1158,"TX",7029,"1/7/15","Hacking/IT Incident","Network Server","No"
1159,"MO",4000,"1/7/15","Unauthorized Access/Disclosure","Email, Network Server","No"
1160,"IN",43890,"1/7/15","Theft","Laptop","No"
1162,"CA",1030,"1/12/15","Theft","Desktop Computer","No"
1163,"TN",79000,"1/13/15","Unauthorized Access/Disclosure","Other","No"
1164,"OH",833,"1/15/15","Unauthorized Access/Disclosure","Electronic Medical Record","No"
1165,"FL",500,"1/15/15","Improper Disposal","Desktop Computer, Laptop","No"
1166,"TX",4920,"1/16/15","Theft","Paper/Films","No"
1167,"NY",5117,"1/23/15","Theft","Other Portable Electronic Device","No"
1168,"TX",1600,"1/23/15","Hacking/IT Incident","Desktop Computer","No"
1169,"CA",845,"1/23/15","Unauthorized Access/Disclosure","Electronic Medical Record","No"
1170,"CA",1285,"1/28/15","Unauthorized Access/Disclosure","Email","No"
1171,"WA",2000,"1/29/15","Theft","Other Portable Electronic Device, Paper/Films","No"
1172,"MD",630,"1/29/15","Unauthorized Access/Disclosure","Paper/Films","No"
1173,"CA",7925,"1/29/15","Theft","Laptop","No"
1174,"TX",678,"1/29/15","Theft","Laptop","No"
1175,"MA",14100,"1/30/15","Theft","Other","No"
1176,"TN",56694,"2/2/15","Theft","Other Portable Electronic Device","No"
1177,"MS",19000,"2/4/15","Improper Disposal","Paper/Films","No"
1178,"OH",5000,"2/5/15","Improper Disposal","Paper/Films","No"
1179,"NY",2772,"2/6/15","Theft","Laptop, Other Portable Electronic Device","No"
1180,"IL",680,"2/9/15","Loss","Paper/Films","Yes"
1181,"NC",955,"2/9/15","Loss","Paper/Films","No"
1182,"HI",2809,"2/11/15","Loss","Paper/Films","No"
1183,"FL",600,"2/12/15","Unauthorized Access/Disclosure","Email","No"
1185,"TX",3000,"2/18/15","Unauthorized Access/Disclosure","Other","No"
1186,"TX",8700,"2/20/15","Unauthorized Access/Disclosure","Other","No"
1187,"DC",18000,"2/24/15","Hacking/IT Incident","Email","No"
1188,"NV",2153,"2/26/15","Theft","Laptop","No"
1189,"IN",63325,"2/27/15","Unauthorized Access/Disclosure","Paper/Films","No"
1190,"CA",3224,"2/27/15","Theft","Network Server","No"
1191,"FL",686,"2/27/15","Unauthorized Access/Disclosure","Desktop Computer, Electronic Medical Record","No"
1192,"LA",6909,"3/1/15","Unauthorized Access/Disclosure","Desktop Computer, Electronic Medical Record, Laptop","No"
1193,"GA",570,"3/2/15","Hacking/IT Incident","Network Server","No"
1194,"GA",557779,"3/2/15","Hacking/IT Incident","Network Server","No"
1195,"GA",355127,"3/2/15","Hacking/IT Incident","Network Server","No"
1196,"KS",4668,"3/3/15","Loss","Paper/Films","No"
1197,"IN",3952,"3/5/15","Hacking/IT Incident","Email","No"
1198,"OR",2207,"3/5/15","Unauthorized Access/Disclosure","Paper/Films","No"
1199,"CA",1342,"3/5/15","Theft","Paper/Films","Yes"
1200,"CA",1233,"3/6/15","Loss","Laptop","No"
1201,"IN",38351,"3/6/15","Theft","Other Portable Electronic Device","No"
1202,"CA",2500,"3/6/15","Theft","Other","No"
1203,"NY",7448,"3/11/15","Unauthorized Access/Disclosure","Other, Paper/Films","No"
1204,"VA",697586,"3/12/15","Hacking/IT Incident","Network Server","No"
1205,"IN",78800000,"3/13/15","Hacking/IT Incident","Network Server","No"
1206,"OK",4000,"3/13/15","Hacking/IT Incident","Desktop Computer, Network Server","No"
1207,"FL",14177,"3/16/15","Hacking/IT Incident","Email","No"
1208,"WA",1.1e+07,"3/17/15","Hacking/IT Incident","Network Server","No"
1209,"MI",3903,"3/17/15","Theft","Paper/Films","No"
1210,"OR",151626,"3/18/15","Hacking/IT Incident","Other","No"
1211,"IL",2743,"3/19/15","Hacking/IT Incident","Network Server","No"
1212,"TX",600,"3/19/15","Theft","Laptop","No"
1213,"IN",650,"3/20/15","Loss","Paper/Films","No"
1214,"FL",8700,"3/20/15","Unauthorized Access/Disclosure","Other","No"
1215,"FL",1406,"3/20/15","Unauthorized Access/Disclosure","Paper/Films","No"
1216,"MA",2473,"3/20/15","Loss","Paper/Films","No"
1217,"TX",50000,"3/23/15","Hacking/IT Incident","Network Server","No"
1218,"NY",43068,"3/24/15","Hacking/IT Incident","Network Server","No"
1219,"IL",880,"3/24/15","Hacking/IT Incident","Network Server","No"
1220,"TX",1688,"3/25/15","Hacking/IT Incident","Network Server","No"
1221,"FL",500,"3/27/15","Hacking/IT Incident","Desktop Computer, Electronic Medical Record, Email, Network Server","No"
1222,"TX",7700,"3/27/15","Theft","Network Server","No"
1223,"CO",508,"4/2/15","Unauthorized Access/Disclosure","Paper/Films","No"
1224,"TN",862,"4/2/15","Unauthorized Access/Disclosure","Paper/Films","No"
1225,"SC",550,"4/2/15","Hacking/IT Incident","Network Server","No"
1226,"CA",826,"4/2/15","Theft","Paper/Films","No"
1227,"GA",958,"4/2/15","Unauthorized Access/Disclosure","Paper/Films","No"
1228,"PA",81463,"4/2/15","Unauthorized Access/Disclosure","Desktop Computer, Paper/Films","No"
1229,"MT",7038,"4/2/15","Hacking/IT Incident","Other","No"
1230,"CA",845,"4/2/15","Unauthorized Access/Disclosure","Email","No"
1231,"NV",8791,"4/3/15","Unauthorized Access/Disclosure","Electronic Medical Record","No"
1232,"IL",782,"4/3/15","Hacking/IT Incident","Network Server","No"
1233,"MN",10946,"4/3/15","Hacking/IT Incident","Network Server","No"
1234,"TX",873,"4/3/15","Unauthorized Access/Disclosure","Email","No"
1235,"MN",838,"4/6/15","Unauthorized Access/Disclosure","Paper/Films","No"
1236,"FL",3074,"4/7/15","Hacking/IT Incident","Network Server","No"
1237,"KY",5440,"4/9/15","Hacking/IT Incident","Network Server","No"
1238,"TX",874,"4/9/15","Unauthorized Access/Disclosure","Other Portable Electronic Device","No"
1239,"IN",756,"4/10/15","Hacking/IT Incident","Email","No"
1240,"NY",563,"4/10/15","Loss","Laptop","No"
1241,"IL",2984,"4/13/15","Unauthorized Access/Disclosure","Paper/Films","No"
1242,"MO",12500,"4/16/15","Hacking/IT Incident","Network Server","No"
1243,"CA",1787,"4/16/15","Theft","Other","No"
1244,"NJ",1447,"4/17/15","Unauthorized Access/Disclosure","Email","No"
1246,"OH",2584,"4/23/15","Loss","Paper/Films","No"
1247,"MD",24967,"4/24/15","Hacking/IT Incident","Email","No"
1248,"TX",39000,"4/24/15","Hacking/IT Incident","Email","No"
1249,"TN",1726,"4/24/15","Improper Disposal","Other, Paper/Films","No"
1250,"OH",2000,"4/27/15","Unauthorized Access/Disclosure","Paper/Films","No"
1251,"TX",880,"4/27/15","Hacking/IT Incident","Network Server","No"
1252,"KS",864,"4/28/15","Loss","Paper/Films","No"
1253,"IL",3000,"4/28/15","Theft","Laptop","No"
1254,"CA",4885,"4/28/15","Unauthorized Access/Disclosure","Desktop Computer, Electronic Medical Record, Email, Laptop, Network Server, Other Portable Electronic Device","No"
1255,"NY",3334,"4/28/15","Unauthorized Access/Disclosure","Email","No"
1256,"NY",90060,"4/28/15","Unauthorized Access/Disclosure","Email","No"
1257,"CA",880,"4/29/15","Theft","Paper/Films","No"
1258,"MA",3321,"5/1/15","Hacking/IT Incident","Network Server","No"
1259,"IL",1138,"5/1/15","Loss","Paper/Films","No"
1260,"CA",1339,"5/6/15","Loss","Paper/Films","No"
1261,"PA",2259,"5/15/15","Theft","Other","No"
1262,"NC",20512,"5/15/15","Theft","Other","Yes"
1263,"OH",981,"5/15/15","Hacking/IT Incident","Desktop Computer","No"
1264,"GA",6166,"5/15/15","Unauthorized Access/Disclosure","Paper/Films","No"
1265,"MN",4725,"5/18/15","Theft","Laptop","No"
1266,"IL",632,"5/19/15","Unauthorized Access/Disclosure","Desktop Computer","No"
1267,"CA",1342,"5/19/15","Theft","Desktop Computer, Laptop, Paper/Films","Yes"
1268,"FL",506,"5/20/15","Theft","Laptop","No"
1269,"MD",1100000,"5/20/15","Hacking/IT Incident","Network Server","No"
1270,"IL",8300,"5/21/15","Unauthorized Access/Disclosure","Paper/Films","No"
1271,"IN",306789,"5/22/15","Hacking/IT Incident","Email","No"
1272,"NY",3403,"5/22/15","Unauthorized Access/Disclosure","Paper/Films","No"
1273,"NY",567,"5/28/15","Unauthorized Access/Disclosure","Electronic Medical Record","No"
1274,"NY",3957,"6/1/15","Unauthorized Access/Disclosure","Email","No"
1275,"OR",14000,"6/1/15","Theft","Laptop","No"
1276,"CA",995,"6/3/15","Theft","Laptop","Yes"
1277,"SC",50000,"6/4/15","Improper Disposal","Other Portable Electronic Device","No"
1278,"CA",1170,"6/4/15","Theft","Desktop Computer, Other Portable Electronic Device, Paper/Films","No"
1279,"CA",6871,"6/5/15","Theft","Network Server, Other","No"
1280,"MO",503,"6/9/15","Unauthorized Access/Disclosure","Other","No"
1281,"MD",500,"6/9/15","Unauthorized Access/Disclosure","Other, Paper/Films","No"
1282,"CA",843,"6/9/15","Unauthorized Access/Disclosure","Network Server","No"
1283,"CT",2722,"6/10/15","Theft","Laptop","No"
1284,"NV",12000,"6/10/15","Theft","Electronic Medical Record, Laptop, Network Server, Other, Other Portable Electronic Device","No"
1285,"TX",6600,"6/11/15","Unauthorized Access/Disclosure","Network Server","No"
1286,"TX",18213,"6/12/15","Theft","Laptop","Yes"
1287,"LA",3000,"6/15/15","Theft","Desktop Computer, Electronic Medical Record, Laptop","No"
1288,"CA",4859,"6/17/15","Unauthorized Access/Disclosure","Electronic Medical Record","No"
1289,"NY",4223,"6/19/15","Unauthorized Access/Disclosure","Other","No"
1290,"IL",2860,"6/24/15","Hacking/IT Incident","Network Server","Yes"
1291,"NY",509,"6/25/15","Theft","Electronic Medical Record","No"
1292,"RI",12914,"6/26/15","Theft","Desktop Computer","No"
1293,"MD",1029,"6/26/15","Unauthorized Access/Disclosure","Electronic Medical Record","No"
1294,"PA",722,"7/2/15","Unauthorized Access/Disclosure","Email","No"
1295,"FL",3421,"7/2/15","Unauthorized Access/Disclosure","Electronic Medical Record","No"
1296,"OK",7693,"7/3/15","Theft","Laptop","No"
1297,"MI",7666,"7/3/15","Hacking/IT Incident","Network Server","No"
1298,"GA",2983,"7/8/15","Unauthorized Access/Disclosure","Email","No"
1299,"MA",648,"7/8/15","Unauthorized Access/Disclosure","Email","No"
1300,"FL",7549,"7/10/15","Unauthorized Access/Disclosure","Paper/Films","No"
1301,"NY",621,"7/10/15","Loss","Paper/Films","No"
1302,"MN",601,"7/13/15","Unauthorized Access/Disclosure","Electronic Medical Record","No"
1303,"AZ",633,"7/14/15","Loss","Other Portable Electronic Device","No"
1304,"AR",560,"7/14/15","Theft","Desktop Computer","No"
1305,"CA",4500000,"7/17/15","Hacking/IT Incident","Network Server","No"
1306,"MD",1475,"7/20/15","Hacking/IT Incident","Network Server","No"
1307,"NY",12517,"7/22/15","Theft","Desktop Computer, Electronic Medical Record","No"
1308,"IN",3900000,"7/23/15","Hacking/IT Incident","Electronic Medical Record, Network Server","Yes"
1309,"MT",6500,"7/24/15","Unauthorized Access/Disclosure","Paper/Films","No"
1310,"NY",5338,"7/24/15","Hacking/IT Incident","Electronic Medical Record","No"
1311,"CT",855,"7/24/15","Unauthorized Access/Disclosure","Electronic Medical Record","No"
1312,"MA",12673,"7/28/15","Loss","Other Portable Electronic Device","No"
1313,"CA",1494,"7/29/15","Unauthorized Access/Disclosure","Laptop","Yes"
1314,"MA",1651,"7/29/15","Unauthorized Access/Disclosure","Paper/Films","No"
1315,"SD",1111,"7/30/15","Loss","Paper/Films","No"
1316,"SD",13000,"7/31/15","Hacking/IT Incident","Network Server","No"
1317,"CA",69246,"7/31/15","Theft","Laptop","No"
1318,"CA",9000,"8/3/15","Theft","Desktop Computer, Laptop","No"
1319,"SD",1168,"8/4/15","Unauthorized Access/Disclosure","Paper/Films","No"
1320,"MA",2071,"8/5/15","Loss","Other Portable Electronic Device","No"
1321,"KY",2060,"8/7/15","Unauthorized Access/Disclosure","Email","No"
1322,"VT",2000,"8/7/15","Theft","Laptop, Other Portable Electronic Device","No"
1323,"TX",1004,"8/7/15","Theft","Other Portable Electronic Device, Paper/Films","No"
1324,"IL",8345,"8/7/15","Unauthorized Access/Disclosure","Paper/Films","No"
1325,"OH",1400,"8/14/15","Unauthorized Access/Disclosure","Other","No"
1326,"WA",1426,"8/17/15","Loss","Paper/Films","No"
1327,"CO",1622,"8/18/15","Unauthorized Access/Disclosure","Paper/Films","No"
1328,"MN",160000,"8/20/15","Theft","Laptop","No"
1329,"IL",10000,"8/21/15","Hacking/IT Incident","Network Server","No"
1330,"OR",1500,"8/21/15","Unauthorized Access/Disclosure","Email","No"
1331,"FL",13000,"8/24/15","Theft","Paper/Films","No"
1332,"CA",1200,"8/24/15","Theft","Desktop Computer, Laptop, Network Server, Other Portable Electronic Device","No"
1333,"OH",7664,"8/26/15","Loss","Other Portable Electronic Device","No"
1334,"CA",2000,"8/26/15","Theft","Desktop Computer","No"
1335,"MS",846,"8/26/15","Theft","Electronic Medical Record","No"
1336,"GA",800,"8/27/15","Unauthorized Access/Disclosure","Paper/Films","No"
1337,"MN",1450,"8/31/15","Theft","Laptop","No"
1338,"CA",1242,"9/1/15","Theft","Laptop","No"
1339,"FL",1508,"9/7/15","Unauthorized Access/Disclosure","Paper/Films","No"
1340,"MI",16107,"9/9/15","Hacking/IT Incident","Email","No"
1341,"NY",1e+07,"9/9/15","Hacking/IT Incident","Network Server","No"
1342,"NC",807,"9/11/15","Unauthorized Access/Disclosure","Paper/Films","No"
1343,"NC",1530,"9/11/15","Unauthorized Access/Disclosure","Paper/Films","No"
1344,"CA",2302,"9/11/15","Unauthorized Access/Disclosure","Email","No"
1345,"NY",721,"9/14/15","Unauthorized Access/Disclosure","Paper/Films","No"
1346,"LA",14500,"9/15/15","Theft","Laptop","No"
1347,"IL",501,"9/17/15","Theft","Paper/Films","No"
1348,"CA",54203,"9/18/15","Theft","Desktop Computer","No"
1349,"VA",3650,"9/21/15","Hacking/IT Incident","Desktop Computer, Electronic Medical Record, Network Server","No"
1350,"AZ",3311,"9/21/15","Unauthorized Access/Disclosure","Paper/Films","No"
1351,"IL",1009,"9/24/15","Theft","Laptop, Other","No"
1352,"AZ",2100,"9/24/15","Theft","Laptop","Yes"
1353,"NJ",1173,"9/24/15","Unauthorized Access/Disclosure","Electronic Medical Record, Other","No"
1354,"CA",857,"9/25/15","Unauthorized Access/Disclosure","Network Server","No"
1355,"CA",1125,"9/25/15","Theft","Desktop Computer","No"
1356,"KY",2815,"9/30/15","Theft","Laptop, Paper/Films","No"
1357,"AR",6500,"10/1/15","Unauthorized Access/Disclosure","Electronic Medical Record","No"
1358,"VA",1040,"10/2/15","Theft","Other Portable Electronic Device","No"
1359,"MI",2918,"10/8/15","Theft","Paper/Films","Yes"
1360,"MD",2208,"10/8/15","Unauthorized Access/Disclosure","Paper/Films","No"
1361,"OK",4278,"10/9/15","Hacking/IT Incident","Email","No"
1362,"MD",571,"10/9/15","Theft","Laptop","No"
1363,"MO",643,"10/9/15","Unauthorized Access/Disclosure","Paper/Films","No"
1364,"OK",9300,"10/10/15","Theft","Laptop","No"
1365,"AZ",8208,"10/15/15","Theft","Other Portable Electronic Device","No"
1366,"AR",1260,"10/16/15","Unauthorized Access/Disclosure","Email","No"
1367,"TX",11100,"10/16/15","Hacking/IT Incident","Network Server","No"
1368,"NY",1581,"10/19/15","Theft","Laptop","No"
1369,"FL",835,"10/19/15","Unauthorized Access/Disclosure","Paper/Films","No"
1370,"NC",1615,"10/19/15","Hacking/IT Incident","Email","No"
1371,"TX",1134,"10/20/15","Theft","Other","No"
1372,"CA",4300,"10/20/15","Unauthorized Access/Disclosure","Laptop, Other Portable Electronic Device","No"
1373,"OK",4500,"10/22/15","Hacking/IT Incident","Email","No"
1374,"OH",540,"10/23/15","Unauthorized Access/Disclosure","Paper/Films","Yes"
1375,"FL",500,"10/23/15","Unauthorized Access/Disclosure","Paper/Films","No"
1376,"SC",1997,"10/26/15","Unauthorized Access/Disclosure","Electronic Medical Record","No"
1377,"TX",16000,"10/28/15","Unauthorized Access/Disclosure","Desktop Computer","No"
1378,"AL",1680,"10/28/15","Theft","Laptop","No"
1379,"IL",1529,"11/6/15","Unauthorized Access/Disclosure","Paper/Films","No"
1380,"WI",960,"11/11/15","Loss","Paper/Films","No"
1381,"NY",2300,"11/12/15","Hacking/IT Incident","Desktop Computer","No"
1382,"NC",524,"11/13/15","Unauthorized Access/Disclosure","Email","No"
1383,"KY",84681,"11/13/15","Hacking/IT Incident","Desktop Computer, Email, Laptop, Network Server, Other Portable Electronic Device","No"
1384,"WA",1300,"11/13/15","Theft","Laptop","No"
1385,"SC",3902,"11/13/15","Hacking/IT Incident","Network Server","Yes"
1386,"OH",1064,"11/14/15","Unauthorized Access/Disclosure","Email","No"
1387,"AK",553,"11/19/15","Theft","Email","No"
1388,"CT",592,"11/23/15","Unauthorized Access/Disclosure","Paper/Films","No"
1389,"AL",986,"11/24/15","Theft","Laptop","No"
1390,"TX",1500,"11/30/15","Theft","Laptop","No"
1391,"WA",1407,"11/30/15","Unauthorized Access/Disclosure","Other","No"
1392,"IL",2929,"12/1/15","Unauthorized Access/Disclosure","Paper/Films","No"
1393,"CA",11000,"12/1/15","Unauthorized Access/Disclosure","Network Server","No"
1394,"CO",827,"12/2/15","Unauthorized Access/Disclosure","Electronic Medical Record","No"
1395,"NE",1872,"12/3/15","Unauthorized Access/Disclosure","Paper/Films","No"
1396,"AZ",810,"12/3/15","Unauthorized Access/Disclosure","Paper/Films","No"
1397,"CT",946,"12/4/15","Hacking/IT Incident","Email","No"
1398,"ME",500,"12/8/15","Hacking/IT Incident","Network Server","No"
1399,"NY",14910,"12/11/15","Unauthorized Access/Disclosure","Email","Yes"
1400,"OR",5327,"12/11/15","Theft","Desktop Computer, Paper/Films","No"
1401,"NM",561,"12/15/15","Theft","Laptop","No"
1402,"NY",687,"12/15/15","Unauthorized Access/Disclosure","Paper/Films","No"
1403,"NY",738,"12/15/15","Unauthorized Access/Disclosure","Paper/Films","No"
1404,"IN",1708,"12/18/15","Unauthorized Access/Disclosure","Paper/Films","No"
1405,"ME",854,"12/18/15","Unauthorized Access/Disclosure","Paper/Films","No"
1406,"TX",659,"12/22/15","Theft","Laptop","No"
1407,"TX",975,"12/23/15","Unauthorized Access/Disclosure","Email","No"
1408,"MN",6195,"12/23/15","Improper Disposal","Paper/Films","No"
1409,"WI",509,"12/23/15","Theft","Laptop","No"
1410,"TX",1359,"12/24/15","Theft","Laptop","No"
1411,"CA",1300,"12/28/15","Theft","Paper/Films","No"
1412,"CA",502,"12/30/15","Unauthorized Access/Disclosure","Email","No"
1413,"NY",29156,"12/30/15","Theft","Other Portable Electronic Device","No"
1414,"OH",8830,"12/31/15","Hacking/IT Incident","Network Server","No"
1415,"FL",1457,"1/4/16","Theft","Paper/Films","No"
1416,"NY",1200,"1/6/16","Unauthorized Access/Disclosure","Paper/Films","No"
1417,"MA",1009,"1/11/16","Hacking/IT Incident","Email","No"
1418,"NJ",3000,"1/14/16","Hacking/IT Incident","Desktop Computer","No"
1419,"TX",1500,"1/14/16","Hacking/IT Incident","Electronic Medical Record","No"
1420,"CA",20764,"1/14/16","Unauthorized Access/Disclosure","Network Server","No"
1421,"GA",597,"1/15/16","Unauthorized Access/Disclosure","Paper/Films","No"
1422,"MT",28209,"1/15/16","Loss","Laptop","No"
1423,"TX",794,"1/21/16","Unauthorized Access/Disclosure","Email","No"
1424,"IL",1950,"1/25/16","Unauthorized Access/Disclosure","Paper/Films","No"
1425,"OH",113528,"1/25/16","Improper Disposal","Paper/Films","No"
1426,"IN",1854,"1/29/16","Improper Disposal","Paper/Films","No"
1427,"LA",13086,"2/2/16","Theft","Other","No"
1428,"IA",2300,"2/2/16","Loss","Other","No"
1429,"NY",976,"2/3/16","Unauthorized Access/Disclosure","Desktop Computer, Other","No"
1430,"MI",700,"2/5/16","Unauthorized Access/Disclosure","Paper/Films","No"
1431,"NE",30972,"2/8/16","Theft","Laptop","Yes"
1432,"WA",91187,"2/9/16","Unauthorized Access/Disclosure","Email","No"
1433,"SC",998,"2/12/16","Unauthorized Access/Disclosure","Paper/Films","Yes"
1434,"MI",552,"2/12/16","Unauthorized Access/Disclosure","Paper/Films","Yes"
1435,"FL",483063,"2/12/16","Loss","Paper/Films","No"
1436,"UT",42372,"2/15/16","Hacking/IT Incident","Network Server","No"
1437,"FL",24188,"2/19/16","Unauthorized Access/Disclosure","Electronic Medical Record","No"
1438,"TN",3000,"2/19/16","Theft","Network Server","No"
1439,"NY",1200,"2/24/16","Hacking/IT Incident","Desktop Computer","No"
1440,"MO",2393,"2/26/16","Unauthorized Access/Disclosure","Email","No"
1441,"AL",5000,"2/26/16","Unauthorized Access/Disclosure","Other","No"
1442,"WA",603,"2/26/16","Unauthorized Access/Disclosure","Paper/Films","No"
1443,"KS",52076,"2/26/16","Theft","Laptop","No"
1444,"WA",6248,"2/26/16","Hacking/IT Incident","Network Server","No"
1445,"MN",1550,"2/26/16","Hacking/IT Incident","Network Server","No"
1446,"MN",1550,"2/26/16","Hacking/IT Incident","Network Server","No"
1447,"IL",1349,"2/26/16","Theft","Other","No"
1448,"TX",43961,"2/26/16","Theft","Electronic Medical Record","No"
1449,"CO",2147,"2/27/16","Unauthorized Access/Disclosure","Network Server","No"
1450,"CT",3000,"2/29/16","Hacking/IT Incident","Other","No"
1451,"AR",4800,"3/1/16","Unauthorized Access/Disclosure","Electronic Medical Record","No"
1452,"NY",6893,"3/3/16","Theft","Laptop","No"
1453,"CA",1024,"3/4/16","Hacking/IT Incident","Email","No"
1454,"FL",2213597,"3/4/16","Hacking/IT Incident","Network Server","No"
1455,"AR",1669,"3/4/16","Unauthorized Access/Disclosure","Paper/Films","No"
1456,"IN",205748,"3/4/16","Theft","Laptop","No"
1457,"IL",880,"3/4/16","Theft","Paper/Films","No"
1458,"NE",5883,"3/7/16","Hacking/IT Incident","Electronic Medical Record, Network Server","No"
1459,"IL",26588,"3/8/16","Hacking/IT Incident","Electronic Medical Record, Network Server","No"
1460,"CT",500,"3/10/16","Unauthorized Access/Disclosure","Paper/Films","No"
1461,"NC",897,"3/10/16","Unauthorized Access/Disclosure","Other","No"
1462,"OH",677,"3/10/16","Unauthorized Access/Disclosure","Electronic Medical Record","No"
1463,"MI",2808,"3/10/16","Loss","Other Portable Electronic Device","No"
1464,"NJ",1654,"3/11/16","Unauthorized Access/Disclosure","Network Server, Other","No"
1465,"CA",726,"3/11/16","Theft","Laptop, Other Portable Electronic Device","No"
1466,"NY",1154,"3/14/16","Hacking/IT Incident","Email","No"
1467,"CA",2373,"3/15/16","Unauthorized Access/Disclosure","Paper/Films","No"
1468,"MI",2200,"3/17/16","Loss","Other Portable Electronic Device","No"
1469,"NY",647,"3/17/16","Unauthorized Access/Disclosure","Email","No"
1470,"NY",773,"3/18/16","Theft","Paper/Films","No"
1471,"TX",2000,"3/18/16","Hacking/IT Incident","Desktop Computer, Electronic Medical Record, Email, Laptop, Network Server","No"
1472,"MT",1124,"3/21/16","Unauthorized Access/Disclosure","Paper/Films","No"
1473,"VA",23000,"3/21/16","Hacking/IT Incident","Email","No"
1474,"NY",2483,"3/22/16","Hacking/IT Incident","Email","Yes"
1475,"TX",524,"3/23/16","Theft","Desktop Computer","No"
1476,"WA",3000,"3/24/16","Hacking/IT Incident","Desktop Computer, Network Server","No"
1477,"IA",15625,"3/25/16","Hacking/IT Incident","Desktop Computer, Email, Network Server","No"
1478,"WI",869,"4/1/16","Unauthorized Access/Disclosure","Network Server","No"
1479,"FL",2000,"4/1/16","Theft","Desktop Computer, Other Portable Electronic Device","No"
1480,"PA",2939,"4/1/16","Unauthorized Access/Disclosure","Other","No"
1481,"CO",540,"4/5/16","Unauthorized Access/Disclosure","Paper/Films","Yes"
1482,"MN",719,"4/5/16","Unauthorized Access/Disclosure","Paper/Films","Yes"
1483,"CA",2426,"4/5/16","Unauthorized Access/Disclosure","Paper/Films","Yes"
1484,"FL",3906,"4/7/16","Theft","Laptop","No"
1485,"NM",7421,"4/7/16","Theft","Paper/Films","No"
1486,"NJ",3563,"4/8/16","Unauthorized Access/Disclosure","Other","No"
1487,"FL",650,"4/12/16","Hacking/IT Incident","Network Server","No"
1488,"FL",532,"4/12/16","Unauthorized Access/Disclosure","Other","No"
1489,"CA",6229,"4/12/16","Theft","Laptop","No"
1490,"CT",1000,"4/12/16","Unauthorized Access/Disclosure","Email","No"
1491,"OK",2664,"4/13/16","Unauthorized Access/Disclosure","Paper/Films","No"
1492,"FL",1076,"4/13/16","Unauthorized Access/Disclosure","Paper/Films","No"
1493,"WI",2734,"4/15/16","Theft","Desktop Computer, Other Portable Electronic Device","No"
1494,"OR",1506,"4/15/16","Hacking/IT Incident","Desktop Computer","No"
1495,"CO",3118,"4/15/16","Unauthorized Access/Disclosure","Laptop, Network Server","No"
1496,"FL",1906,"4/18/16","Unauthorized Access/Disclosure","Email","No"
1497,"WI",1032,"4/19/16","Theft","Laptop","Yes"
1498,"FL",648,"4/20/16","Theft","Paper/Films","No"
1499,"FL",648,"4/20/16","Theft","Paper/Films","No"
1500,"WY",3184,"4/20/16","Hacking/IT Incident","Email","No"
1501,"CA",2451,"4/22/16","Theft","Paper/Films","Yes"
1502,"OH",975,"4/22/16","Loss","Other","No"
1503,"OH",59000,"4/22/16","Unauthorized Access/Disclosure","Other","No"
1504,"OH",23341,"4/23/16","Hacking/IT Incident","Email","No"
1505,"DC",4107,"4/25/16","Unauthorized Access/Disclosure","Network Server","No"
1506,"OK",2199,"4/25/16","Hacking/IT Incident","Email","No"
1507,"MI",981,"4/27/16","Hacking/IT Incident","Network Server","No"
1508,"TX",19898,"4/28/16","Theft","Laptop","No"
1509,"SC",1500,"4/29/16","Unauthorized Access/Disclosure","Paper/Films","No"
1510,"IN",610,"5/1/16","Unauthorized Access/Disclosure","Paper/Films","No"
1511,"FL",1000,"5/4/16","Unauthorized Access/Disclosure","Electronic Medical Record","No"
1512,"MN",5330,"5/4/16","Unauthorized Access/Disclosure","Paper/Films","No"
1513,"FL",87314,"5/5/16","Hacking/IT Incident","Network Server","No"
1514,"IN",7500,"5/9/16","Hacking/IT Incident","Network Server","No"
1515,"IA",1620,"5/11/16","Unauthorized Access/Disclosure","Electronic Medical Record","No"
1516,"FL",500,"5/11/16","Hacking/IT Incident","Electronic Medical Record","No"
1517,"IL",1625,"5/11/16","Unauthorized Access/Disclosure","Email","No"
1518,"TX",68631,"5/11/16","Hacking/IT Incident","Network Server","No"
1519,"AR",2602,"5/12/16","Unauthorized Access/Disclosure","Email","No"
1520,"CA",649,"5/13/16","Theft","Laptop","No"
1521,"CA",4e+05,"5/15/16","Theft","Laptop","No"
1522,"KY",971,"5/16/16","Theft","Laptop, Other Portable Electronic Device","No"
1523,"AL",9009,"5/16/16","Theft","Laptop","Yes"
1524,"NM",12500,"5/17/16","Hacking/IT Incident","Desktop Computer","No"
1525,"MI",4082,"5/17/16","Hacking/IT Incident","Desktop Computer, Network Server","No"
1526,"AZ",1067,"5/19/16","Theft","Paper/Films","No"
1527,"FL",505,"5/20/16","Hacking/IT Incident","Other","No"
1528,"OH",591,"5/20/16","Unauthorized Access/Disclosure","Paper/Films","No"
1529,"GA",930,"5/20/16","Unauthorized Access/Disclosure","Paper/Films","No"
1530,"CA",1370,"5/24/16","Unauthorized Access/Disclosure","Email","Yes"
1531,"PA",800,"5/24/16","Theft","Electronic Medical Record, Paper/Films","No"
1532,"PA",19776,"5/25/16","Hacking/IT Incident","Electronic Medical Record, Network Server","No"
1533,"CA",4386,"5/25/16","Unauthorized Access/Disclosure","Electronic Medical Record","No"
1534,"CT",40491,"5/25/16","Hacking/IT Incident","Network Server","No"
1535,"MI",771,"5/26/16","Unauthorized Access/Disclosure","Paper/Films","No"
1536,"DC",1062,"5/31/16","Theft","Paper/Films","No"
1537,"AR",16200,"5/31/16","Hacking/IT Incident","Network Server","No"
1538,"FL",2500,"6/1/16","Hacking/IT Incident","Network Server","Yes"
1539,"NM",2827,"6/3/16","Unauthorized Access/Disclosure","Paper/Films","No"
1540,"MO",3000,"6/3/16","Hacking/IT Incident","Electronic Medical Record, Network Server","No"
1541,"CO",2250,"6/7/16","Hacking/IT Incident","Electronic Medical Record","No"
1542,"TN",6853,"6/7/16","Hacking/IT Incident","Network Server","No"
1543,"TX",1468,"6/7/16","Unauthorized Access/Disclosure","Paper/Films","No"
1544,"AR",27393,"6/8/16","Unauthorized Access/Disclosure","Paper/Films","No"
1545,"MI",22000,"6/9/16","Unauthorized Access/Disclosure","Network Server","No"
1546,"SC",1437,"6/9/16","Unauthorized Access/Disclosure","Paper/Films","No"
1547,"KY",1682,"6/10/16","Unauthorized Access/Disclosure","Email","No"
1548,"OH",6441,"6/10/16","Hacking/IT Incident","Network Server","No"
1549,"VA",578,"6/10/16","Unauthorized Access/Disclosure","Paper/Films","No"
1550,"MO",31000,"6/14/16","Hacking/IT Incident","Network Server","No"
1551,"CA",1212,"6/14/16","Improper Disposal","Paper/Films","No"
1552,"TX",600,"6/14/16","Loss","Paper/Films","No"
1553,"CO",6851,"6/17/16","Hacking/IT Incident","Network Server","No"
1554,"TX",717,"6/17/16","Unauthorized Access/Disclosure","Paper/Films","No"
1555,"NC",13674,"6/21/16","Hacking/IT Incident","Network Server","No"
1556,"NY",650,"6/27/16","Unauthorized Access/Disclosure","Email","No"
1557,"VA",2000,"6/27/16","Improper Disposal","Other Portable Electronic Device","No"
1558,"MA",4293,"6/29/16","Hacking/IT Incident","Network Server","No"
1559,"CA",520,"6/29/16","Unauthorized Access/Disclosure","Other","No"
1560,"IA",2506,"7/1/16","Unauthorized Access/Disclosure","Paper/Films","No"
1561,"PA",13000,"7/7/16","Hacking/IT Incident","Network Server","No"
1562,"MD",1350,"7/7/16","Hacking/IT Incident","Electronic Medical Record","No"
1563,"AR",17100,"7/11/16","Hacking/IT Incident","Network Server","No"
1564,"TN",1100,"7/11/16","Hacking/IT Incident","Other","No"
1565,"CO",1835,"7/11/16","Unauthorized Access/Disclosure","Email","No"
1566,"CA",1136,"7/12/16","Theft","Other Portable Electronic Device","No"
1567,"OH",850,"7/14/16","Unauthorized Access/Disclosure","Electronic Medical Record","No"
1568,"FL",1479,"7/14/16","Unauthorized Access/Disclosure","Email","No"
1569,"MN",1945,"7/14/16","Hacking/IT Incident","Network Server","No"
1570,"CA",2473,"7/15/16","Hacking/IT Incident","Electronic Medical Record","No"
1571,"OR",5978,"7/15/16","Unauthorized Access/Disclosure","Electronic Medical Record","No"
1572,"FL",2500,"7/19/16","Theft","Paper/Films","No"
1573,"MD",4831,"7/20/16","Hacking/IT Incident","Other","No"
1574,"TX",1326,"7/20/16","Unauthorized Access/Disclosure","Paper/Films","No"
1575,"CA",2000,"7/20/16","Theft","Laptop","No"
1576,"TX",12061,"7/20/16","Unauthorized Access/Disclosure","Paper/Films","No"
1577,"OH",7784,"7/21/16","Theft","Paper/Films","Yes"
1578,"DE",1679,"7/22/16","Unauthorized Access/Disclosure","Email, Other Portable Electronic Device","Yes"
1579,"TX",697,"7/22/16","Unauthorized Access/Disclosure","Email","No"
1580,"AL",7200,"7/25/16","Unauthorized Access/Disclosure","Electronic Medical Record, Other","No"
1581,"TX",2844,"7/25/16","Theft","Laptop, Paper/Films","No"
1582,"MO",29153,"7/26/16","Hacking/IT Incident","Network Server","No"
1583,"AZ",854,"7/28/16","Theft","Laptop","No"
1584,"GA",201000,"7/29/16","Unauthorized Access/Disclosure","Electronic Medical Record","No"
1585,"MS",10401,"7/29/16","Hacking/IT Incident","Network Server","No"
1586,"AZ",3620000,"8/3/16","Hacking/IT Incident","Network Server, Other","No"
1587,"IL",1185,"8/4/16","Unauthorized Access/Disclosure","Network Server","No"
1588,"PA",992,"8/5/16","Unauthorized Access/Disclosure","Email","No"
1589,"MO",23015,"8/7/16","Hacking/IT Incident","Network Server","No"
1590,"VA",13237,"8/9/16","Hacking/IT Incident","Network Server","No"
1591,"NY",3466120,"8/9/16","Hacking/IT Incident","Network Server","Yes"
1592,"IL",533,"8/10/16","Unauthorized Access/Disclosure","Email","No"
1593,"MD",907,"8/10/16","Unauthorized Access/Disclosure","Email","No"
1594,"FL",957,"8/11/16","Unauthorized Access/Disclosure","Paper/Films","No"
1595,"AZ",882590,"8/12/16","Hacking/IT Incident","Network Server","No"
1596,"MD",651971,"8/12/16","Unauthorized Access/Disclosure","Network Server","No"
1597,"CA",1025,"8/14/16","Theft","Other Portable Electronic Device","No"
1598,"TN",500,"8/15/16","Theft","Paper/Films","No"
1599,"NY",21880,"8/15/16","Hacking/IT Incident","Network Server","No"
1600,"IL",688,"8/18/16","Unauthorized Access/Disclosure","Email","No"
1601,"IN",6890,"8/19/16","Hacking/IT Incident","Network Server","No"
1602,"NC",1000,"8/19/16","Loss","Other Portable Electronic Device","No"
1603,"CA",87069,"8/22/16","Unauthorized Access/Disclosure","Other","No"
1604,"CA",1000,"8/22/16","Unauthorized Access/Disclosure","Other Portable Electronic Device","No"
1605,"KY",674,"8/23/16","Unauthorized Access/Disclosure","Email","No"
1606,"WA",10700,"8/26/16","Unauthorized Access/Disclosure","Email","No"
1607,"CA",743,"8/30/16","Theft","Paper/Films","No"
1608,"OR",1980,"8/30/16","Hacking/IT Incident","Network Server","No"
1609,"LA",824,"8/31/16","Hacking/IT Incident","Desktop Computer","No"
1610,"TX",625,"8/31/16","Theft","Other","No"
1611,"WA",18399,"9/1/16","Unauthorized Access/Disclosure","Network Server","No"
1612,"CA",25000,"9/2/16","Unauthorized Access/Disclosure","Paper/Films","No"
1613,"MO",7748,"9/2/16","Unauthorized Access/Disclosure","Email","No"
1614,"WI",3179,"9/2/16","Hacking/IT Incident","Email","No"
1615,"PA",2814,"9/7/16","Unauthorized Access/Disclosure","Other","No"
1616,"KS",707,"9/7/16","Theft","Paper/Films","No"
1617,"RI",15478,"9/8/16","Hacking/IT Incident","Network Server","No"
1618,"MD",860,"9/8/16","Hacking/IT Incident","Desktop Computer, Electronic Medical Record","No"
1619,"AL",1349,"9/9/16","Unauthorized Access/Disclosure","Network Server","No"
1620,"GA",1000,"9/9/16","Theft","Paper/Films","No"
1621,"OR",2400,"9/9/16","Unauthorized Access/Disclosure","Electronic Medical Record","No"
1622,"CA",1400,"9/9/16","Theft","Laptop","No"
1623,"MA",3840,"9/12/16","Unauthorized Access/Disclosure","Desktop Computer","No"
1624,"CA",2029,"9/12/16","Loss","Paper/Films","No"
1625,"PA",16228,"9/13/16","Hacking/IT Incident","Network Server","No"
1626,"SC",812,"9/15/16","Unauthorized Access/Disclosure","Paper/Films","No"
1627,"WA",2818,"9/16/16","Unauthorized Access/Disclosure","Electronic Medical Record","No"
1628,"PA",1456,"9/19/16","Loss","Paper/Films","No"
1629,"CA",777,"9/20/16","Unauthorized Access/Disclosure","Paper/Films","No"
1630,"MI",1000,"9/21/16","Unauthorized Access/Disclosure","Desktop Computer, Electronic Medical Record, Other","No"
1631,"CA",16000,"9/21/16","Hacking/IT Incident","Network Server","No"
1632,"NJ",28000,"9/22/16","Hacking/IT Incident","Electronic Medical Record, Network Server","No"
1633,"KY",1500,"9/23/16","Hacking/IT Incident","Network Server","No"
1634,"CA",6000,"9/23/16","Hacking/IT Incident","Desktop Computer","No"
1635,"OH",3e+05,"9/23/16","Hacking/IT Incident","Network Server","No"
1636,"WA",668,"9/23/16","Unauthorized Access/Disclosure","Paper/Films","No"
1637,"CA",2933,"9/26/16","Hacking/IT Incident","Network Server","No"
1638,"CA",2292,"9/27/16","Hacking/IT Incident","Network Server","No"
1639,"GA",10891,"9/28/16","Unauthorized Access/Disclosure","Desktop Computer","No"
1640,"NM",500,"9/29/16","Hacking/IT Incident","Network Server","No"
1641,"TN",9624,"9/29/16","Theft","Laptop","No"
1642,"MS",64000,"9/30/16","Hacking/IT Incident","Network Server","No"
1643,"WI",6923,"9/30/16","Unauthorized Access/Disclosure","Paper/Films","No"
1644,"TX",33698,"10/3/16","Hacking/IT Incident","Network Server","No"
1645,"AZ",14236,"10/4/16","Hacking/IT Incident","Network Server","No"
1646,"CA",1987,"10/4/16","Unauthorized Access/Disclosure","Email","No"
1647,"AR",2124,"10/5/16","Unauthorized Access/Disclosure","Other","No"
1648,"CA",2245,"10/7/16","Unauthorized Access/Disclosure","Electronic Medical Record","No"
1649,"IL",540,"10/7/16","Unauthorized Access/Disclosure","Other Portable Electronic Device","No"
1650,"OK",2938,"10/7/16","Hacking/IT Incident","Network Server","No"
1651,"IL",992,"10/10/16","Unauthorized Access/Disclosure","Email","No"
1652,"IN",1466,"10/14/16","Hacking/IT Incident","Email, Network Server","No"
1653,"IN",7242,"10/14/16","Theft","Laptop","Yes"
